identifier,description,Justification,Salutation,Closing,Self-reference,image,language,format,Script,Material,Business Type,Title,date,latitude,longitude,lat/long,spatial coverage,dcterms:creator,comment,SVG tags
20200704_180543.jpg,בהתאם לדרישות משרד הבריאות  הכניסה עם 1 מסיכה 2 יש לישמור מרחק של 2 מטר בין אדם לאדם WELCOME MASK ONLY,דרישות משרד הבריאות,Welcome,,,,Hebrew|English,hand written,square,paper|marker pen,אופנה,"2020-07-04 - תל אביב - יפו, לב תל-אביב",04/07/2020,32.0714855,34.7695226,32.0714855/34.7695226,"Hazak Used Books, אלנבי, תל אביב - יפו, לב תל-אביב, תל אביב-יפו, מחוז תל אביב, ישראל",Yael Netzer,dh.bgu.2022.1,
20200704_180615.jpg,חובה לשים מסכה,,,,,,Hebrew,hand written,cursive,paper|marker pen,סלון יופי,"2020-07-04 - תל אביב - יפו, לב תל-אביב",04/07/2020,32.0717738,34.769444899999996,32.0717738/34.769444899999996,"252ג, אלנבי, תל אביב - יפו, לב תל-אביב, תל אביב-יפו, מחוז תל אביב, ישראל",Yael Netzer,dh.bgu.2022.1,
20211105_120534.jpg,מסכה זה מאסט,,"היי, טוב שבאת",תודה על ההתחשבות,שופרא,man_with_mask light brown red | woman_with_mask dark brown red,Hebrew,Printed,square,paper|printer,נעליים,"2021-11-05 - נווה רסקו, רמת השרון",05/11/2021,32.14001797,34.84216597,32.140017972222225/34.842165972222226,"27, אוסישקין, נווה רסקו, רמת השרון, נפת תל אביב, מחוז תל אביב, 4724226, ישראל",Yael Shechter,dh.bgu.2022.1,man_with_mask_light_brown_red.svg | woman_with_mask_dark_brown_red.svg
20211105_120551.jpg,הכניסה לחנות היא עד 2 אנשים בלבד! הכניסה תתאפשר בחבישת מסכה וכפפות בלבד!,"עפ""י הוראות משרד הבריאות",לקוח יקר,,,,Hebrew,Printed,square,paper|printer,סנדלר,"2021-11-05 - נווה רסקו, רמת השרון",05/11/2021,32.13991097,34.842063,32.139910972222225/34.842063,"25, אוסישקין, נווה רסקו, רמת השרון, נפת תל אביב, מחוז תל אביב, 4724226, ישראל",Yael Shechter,dh.bgu.2022.1,
20211105_120555.jpg,הכניסה לחנות תתאפשר בחבישת מסיכה בלבד,"עפ""י הוראות משרד הבריאות",לקוחות יקרות,בתודה,מרו,,Hebrew,Hand written,cursive,paper|marker,הלבשה תחתונה,"2021-11-05 - נווה רסקו, רמת השרון",05/11/2021,32.13987197,34.842077,32.139871972222224/34.842077,"25, אוסישקין, נווה רסקו, רמת השרון, נפת תל אביב, מחוז תל אביב, 4724226, ישראל",Yael Shechter,dh.bgu.2022.1,
20211103_154124.jpg,הכניסה ללא מסכה אסורה,,,,,woman_with_mask  medium brown blue ,Hebrew,Printed,Square,paper|printer,סופרמרקט,"2021-11-03 - נפת באר שבע, מחוז הדרום",03/11/2021,29.542502000000002,34.929212,29.542501972222222/34.92921197222222,"שדרות ששת הימים, אילת, נפת באר שבע, מחוז הדרום, 88104, ישראל",Kseniia Martin,dh.bgu.2022.1,woman_with_mask_medium_brown_blue.svg
20211108_173955.jpg,כניסה ללא מסכה אסורה,,,,,man_with_mask light brown white | woman_with_mask light brown white ,Hebrew,Printed,Square,paper|printer,סופרמרקט,"2021-11-08 - נווה זאב, באר שבע",08/11/2021,31.238346000000003,34.773593,31.23834627/34.77359334972222,"מרכז מסחרי נווה זאב/שדרות יוהנה ז'בוטינסקי, יוהנה זבוטינסקי, נווה זאב, באר שבע, נפת באר שבע, מחוז הדרום, 8426306, ישראל",Kseniia Martin,dh.bgu.2022.1,man_with_mask_light_brown_white.svg | woman_with_mask_light_brown_white.svg
20211108_174221.jpg,הכניסה רק עם מסכה!вход в фотосалон строго в маске,,,,פוטו סטודיו,covid black,Hebrew|Russian,Printed,Square,paper|printer,חנות צילום והדפסה,"2021-11-08 - באר שבע, נפת באר שבע",08/11/2021,31.238596,34.774358,31.23859599/34.77435814972222,"גרשון שופמן, נווה זאב, באר שבע, נפת באר שבע, מחוז הדרום, 8426306, ישראל",Kseniia Martin,dh.bgu.2022.1,covid_black.svg
20211108_174411.jpg,הכניסה מותרת רק עם מסכה הכניסה מותרת עד 10 אנשים נא לשמור מרחק של שני מטרים,,,,,woman_with_mask light brown blue | distance black ,Hebrew,Printed,Square,paper|printer,סופרמרקט,"2021-11-08 - באר שבע, נפת באר שבע",08/11/2021,31.239009999999997,34.774784999999994,31.23900983/34.77478534,"יוהנה זבוטינסקי, נווה זאב, באר שבע, נפת באר שבע, מחוז הדרום, 8426306, ישראל",Kseniia Martin,dh.bgu.2022.1,woman_with_mask_light_brown_blue.svg | distance_black.svg
20211108_174758.jpg,הכניסה ללא מסכה אסורה! יחד נלחמים בנגיף הקורונה,,,יחד נלחמים בנגיף הקורונה,,mask grey,Hebrew,Printed,Square,paper|printer,מוצרים לבית ולחצר,"2021-11-08 - נווה זאב, באר שבע",08/11/2021,31.23886,34.773965000000004,31.2388601/34.77396519972222,"מרכז מסחרי נווה זאב/שדרות יוהנה ז'בוטינסקי, יוהנה זבוטינסקי, נווה זאב, באר שבע, נפת באר שבע, מחוז הדרום, 8426306, ישראל",Kseniia Martin,dh.bgu.2022.1,mask_grey.svg
20211108_175205.jpg,אסור להכנס בלי מסכה,,,,,,Hebrew,hand written,Cursive,paper|marker pen,חנות תפירה,"2021-11-08 - באר שבע, נפת באר שבע",08/11/2021,31.238594,34.774384000000005,31.2385935/34.7743842,"גרשון שופמן, נווה זאב, באר שבע, נפת באר שבע, מחוז הדרום, 8426306, ישראל",Kseniia Martin,dh.bgu.2022.1,
20211023_203052.jpg,חובה עטיית מסכה בשטח החנות,,,,חנות,mask blue,Hebrew,Printed,Square,paper|printer,חנות אופנה,"2021-10-23 - נווה זאב, באר שבע",23/10/2021,31.238905,34.773756,31.23890459/34.773756399999996,"מרכז מסחרי נווה זאב/שדרות יוהנה ז'בוטינסקי, יוהנה זבוטינסקי, נווה זאב, באר שבע, נפת באר שבע, מחוז הדרום, 8426306, ישראל",Kseniia Martin,dh.bgu.2022.1,mask_blue.svg
20211023_203121.jpg,יש להקפיד על עטיית מסכות בכניסה לחנות,,,,חנות|אופטיקנה,,Hebrew,Printed,Square,paper|printer,חנות אופטיקה,"2021-10-23 - נווה זאב, באר שבע",23/10/2021,31.238905,34.773756,31.23890459/34.773756399999996,"מרכז מסחרי נווה זאב/שדרות יוהנה ז'בוטינסקי, יוהנה זבוטינסקי, נווה זאב, באר שבע, נפת באר שבע, מחוז הדרום, 8426306, ישראל",Kseniia Martin,dh.bgu.2022.1,
20211023_203202.jpg,הכניסה ללא מסכה אסורה,,,,,man_with_mask light brown white,Hebrew,Printed,Square,paper|printer,חנות פרחים,"2021-10-23 - נווה זאב, באר שבע",23/10/2021,31.238891,34.773654,31.23889069/34.77365355972222,"מרכז מסחרי נווה זאב/שדרות יוהנה ז'בוטינסקי, יוהנה זבוטינסקי, נווה זאב, באר שבע, נפת באר שבע, מחוז הדרום, 8426306, ישראל",Kseniia Martin,dh.bgu.2022.1,man_with_mask_light_brown_white.svg
20211023_203424.jpg,בעסק זה שומרים על הנחיות! ומונעים התפרצות מחודשת מרחק 2 מטר מאדם לאדם | מסכה המסכה את הפה והאף | היגיינה אישית חיטוי ידיים,בהתאם להנחיות,,שומרים על ההנחיות - שומרים על השגרה!,,man_with_mask pink | woman_with_mask pink | soap | distance,Hebrew,Printed,Square,paper|printer,סופרמרקט,"2021-10-23 - נווה זאב, באר שבע",23/10/2021,31.239234999999997,34.77366,31.239235449722223/34.77366031972222,"מרכז מסחרי נווה זאב/שדרות יוהנה ז'בוטינסקי, יוהנה זבוטינסקי, נווה זאב, באר שבע, נפת באר שבע, מחוז הדרום, 8426306, ישראל",Kseniia Martin,dh.bgu.2022.1,man_with_mask_pink.svg | woman_with_mask_pink.svg | soap.svg | distance.svg
20211025_3890.jpg,לא יינתן שירות ללא מסיכה,,,,גוני קריספי,,Hebrew,printed,Square,paper|printer,מסעדה,"2021-10-25 - שכונה ד', שכונה ד",25/10/2021,31.25909167,34.797175,31.259091666666666/34.797174999999996,"ג'וני קריספי, ראובן רובין, שכונה ד', שכונה ד, באר שבע, נפת באר שבע, מחוז הדרום, 8452566, ישראל",Tal Oz and Nitzan Berns,dh.bgu.2022.1,
20211025_3891.jpg,הכניסה רק עם מסיכת פנים,,,,friends,man_with_mask light brown blue | distance ,Hebrew,printed,Square,paper|printer,בר-מסעדה,"2021-10-25 - שכונה ד', שכונה ד",25/10/2021,31.25852778,34.79477778,31.25852777777778/34.794777777777774,"Robert's store, מצדה, שכונה ד', שכונה ד, באר שבע, נפת באר שבע, מחוז הדרום, 8434009, ישראל",Tal Oz and Nitzan Berns,dh.bgu.2022.1,man_with_mask_light_brown_blue.svg | distance.svg
20211025_3892.jpg,עטיית מסיכה המכסה את האף והפה,התו הסגול,,"תודה על שיתוף הפעולה, רק בריאות!",ספידוג,,Hebrew,printed,Square,paper|printer,חנות חיות,"2021-10-25 - מצדה, שכונה ד",25/10/2021,31.25858056,34.79681389,31.258580555555554/34.796813888888884,"פז, 4, מצדה, שכונה ד, באר שבע, נפת באר שבע, מחוז הדרום, 8452566, ישראל",Tal Oz and Nitzan Berns,dh.bgu.2022.1,
20211025_3893.jpg,הכניסה לחנות עם מסכה בלבד,,,תודה!,מינימרקט פליקס,,Hebrew,hand written,cursive,paper|marker pen,מכולת,"2021-10-25 - שכונה ב', שכונה ב",25/10/2021,31.25847222,34.79439167,31.258472222222224/34.79439166666666,"דרך מצדה/יצחק אבינו, דרך מצדה, שכונה ב', שכונה ב, באר שבע, נפת באר שבע, מחוז הדרום, 8452566, ישראל",Tal Oz and Nitzan Berns,dh.bgu.2022.1,
20211108_4201.jpg,חובה לעטות מסכה,,,בתאבון,חומוס אליהו,man_with_mask | distance | soap ,Hebrew,printed,Square,paper|printer,מסעדה,"2021-11-08 - מצדה, שכונה ד",08/11/2021,31.25916944,34.79626111,31.259169444444446/34.79626111111111,"מרכז הנגב, 6, מצדה, שכונה ד, באר שבע, נפת באר שבע, מחוז הדרום, 8452566, ישראל",Tal Oz and Nitzan Berns,dh.bgu.2022.1,man_with_mask.svg | distance.svg | soap.svg
20211108_4205.jpg,הכניסה ללא מסכה אסורה,,,,קרנף,,Hebrew,printed,Square,paper|printer,קפיטריה באוניברסיטה,"2021-11-08 - רובע החדשנות באר שבע, שכונה ג",08/11/2021,31.26183611,34.80339444,31.261836111111112/34.80339444444444,"אוניברסיטת בן גוריון בנגב, פרופסור חיים חנני, רובע החדשנות באר שבע, שכונה ג, באר שבע, נפת באר שבע, מחוז הדרום, 8452566, ישראל",Tal Oz and Nitzan Berns,dh.bgu.2022.1,
20211108_4208.jpg,הכניסה לבית העסק מותרת רק עם מסכה,בהתאם להנחיות משרד הבריאות ,לקוחות יקרים,,zer4u,man_with_mask | distance | soap | temp_check,Hebrew,printed,Square,paper|printer,חנות פרחים,"2021-11-08 - שכונה ד', שכונה ד",08/11/2021,31.25891389,34.79670278,31.258913888888888/34.796702777777774,"סופר-פארם, ראובן רובין, שכונה ד', שכונה ד, באר שבע, נפת באר שבע, מחוז הדרום, 8452566, ישראל",Tal Oz and Nitzan Berns,dh.bgu.2022.1,man_with_mask.svg | distance.svg | soap.svg | temp_check.svg
20211108_4209.jpg,חובה לעטות מסכה,,לקוחות יקרים,,zer4u,,Hebrew,printed,Square,paper|printer,חנות פרחים,"2021-11-08 - שכונה ד', שכונה ד",08/11/2021,31.25888056,34.79689722,31.258880555555557/34.79689722222222,"סופר-פארם, ראובן רובין, שכונה ד', שכונה ד, באר שבע, נפת באר שבע, מחוז הדרום, 8452566, ישראל",Tal Oz and Nitzan Berns,dh.bgu.2022.1,
20211108_4211.jpg,בבקשה! לשים מסכות בכניסה לחנות,,,,שבע,,Hebrew,printed,Square,paper|printer,מכוולת,"2021-11-08 - שכונה ד', שכונה ד",08/11/2021,31.25895556,34.79671389,31.258955555555556/34.79671388888889,"סופר-פארם, ראובן רובין, שכונה ד', שכונה ד, באר שבע, נפת באר שבע, מחוז הדרום, 8452566, ישראל",Tal Oz and Nitzan Berns,dh.bgu.2022.1,
20211108_4212.jpg,אין כניסה ללא עטיית מסכה,,,,,mask black ,Hebrew,printed,Square,paper|printer,חנות טלפונים,"2021-11-08 - מצדה, שכונה ד",08/11/2021,31.25890833,34.79639444,31.258908333333334/34.796394444444445,"מרכז הנגב, 6, מצדה, שכונה ד, באר שבע, נפת באר שבע, מחוז הדרום, 8452566, ישראל",Tal Oz and Nitzan Berns,dh.bgu.2022.1,mask_black.svg
20211108_4213.jpg,אין כניסה ללא מסכה,,,,,,Hebrew,printed,Square,paper|printer,,"2021-11-08 - מצדה, שכונה ד",08/11/2021,31.25885833,34.796325,31.258858333333333/34.796324999999996,"מרכז הנגב, 6, מצדה, שכונה ד, באר שבע, נפת באר שבע, מחוז הדרום, 8452566, ישראל",Tal Oz and Nitzan Berns,dh.bgu.2022.1,
20211108_4214.jpg,כניסה למספרה עם מסכה בלבד!,,,,מספרת משה אגמי,,Hebrew,printed,Square,paper|printer,מספרה,"2021-11-08 - מצדה, שכונה ד",08/11/2021,31.25908056,34.795925,31.259080555555556/34.795925,"מרכז הנגב, 6, מצדה, שכונה ד, באר שבע, נפת באר שבע, מחוז הדרום, 8452566, ישראל",Tal Oz and Nitzan Berns,dh.bgu.2022.1,
20211108_4215.jpg,הכניסה לסניף מותרת בעטיית מסכה,בהתאם להנחיות משרד הבריאות ,לקוח יקר,,בנק יהב,man_with_mask | 2m,Hebrew,printed,Square,paper|printer,בנק,"2021-11-08 - מצדה, שכונה ד",08/11/2021,31.25903333,34.79586667,31.259033333333335/34.79586666666666,"מרכז הנגב, 6, מצדה, שכונה ד, באר שבע, נפת באר שבע, מחוז הדרום, 8452566, ישראל",Tal Oz and Nitzan Berns,dh.bgu.2022.1,man_with_mask.svg | 2m.svg
20211108_4216.jpg,חובה לעטות מסכת פה ואף,,,,בנק יהב,man_with_mask | 2m | temp_check,Hebrew,printed,Square,paper|printer,בנק,"2021-11-08 - מצדה, שכונה ד",08/11/2021,31.25899444,34.79587222,31.258994444444443/34.79587222222222,"מרכז הנגב, 6, מצדה, שכונה ד, באר שבע, נפת באר שבע, מחוז הדרום, 8452566, ישראל",Tal Oz and Nitzan Berns,dh.bgu.2022.1,man_with_mask.svg | 2m.svg | temp_check.svg
20211108_4217.jpg,יש לעטות מסכה ולשמור על מרחק בעת ההמתנה ובמשך כל זמן השהייה בסניף,בהתאם להנחיות משרד הבריאות ,לקוחות יקרים,"בריאות לכולם, צוות הסניף",מזרחי טפחות,,Hebrew,printed,Square,paper|printer,בנק,"2021-11-08 - מצדה, שכונה ד",08/11/2021,31.25891944,34.79544722,31.258919444444444/34.79544722222222,"מרכז הנגב, 6, מצדה, שכונה ד, באר שבע, נפת באר שבע, מחוז הדרום, 8452566, ישראל",Tal Oz and Nitzan Berns,dh.bgu.2022.1,
20211108_4220.jpg,מסכת מגן חובה!,,,,"בניין מגורים ""אביסרור""",man_with_mask white black yellow,Hebrew,printed,Square,paper|printer,בניין,"2021-11-08 - שכונה ב', שכונה ב",08/11/2021,31.25559722,34.79823611,31.25559722222222/34.79823611111111,"חיים נחמן ביאליק/יצחק רגר, חיים נחמן ביאליק, שכונה ב', שכונה ב, באר שבע, נפת באר שבע, מחוז הדרום, 8452566, ישראל",Tal Oz and Nitzan Berns,dh.bgu.2022.1,man_with_mask_white_black_yellow.svg
20211108_4221.jpg,חבישת מסכה חובה,,,,"בניין מגורים ""אביסרור""",woman_with_mask  light brown blue ,Hebrew,printed,Square,paper|printer,בניין,"2021-11-08 - שכונה ב', שכונה ב",08/11/2021,31.25511944,34.79776389,31.255119444444443/34.79776388888889,"14, יעקב הכהן, שכונה ב', שכונה ב, באר שבע, נפת באר שבע, מחוז הדרום, 84102, ישראל",Tal Oz and Nitzan Berns,dh.bgu.2022.1,woman_with_mask_light_brown_blue.svg
20211111_4230.jpg,חובה לעטות מסכה ,בהתאם להנחיות משרד הבריאות ,התגעגעתם? גם אנחנו! אבל לפני זה מספר הנחיות,"בילוי נעים, צוות מילבה","""מילבה""",man_with_mask blue | soap | temp_check | green_pass,Hebrew,Printed,Square,paper|printer,בר-מסעדה,"2021-11-11 - שכונה ד', שכונה ד",11/11/2021,31.26178611,34.79685278,31.26178611111111/34.79685277777778,"מילבה, שלמה המלך, שכונה ד', שכונה ד, באר שבע, נפת באר שבע, מחוז הדרום, 8452566, ישראל",Tal Oz and Nitzan Berns,dh.bgu.2022.1,man_with_mask_blue.svg | soap.svg | temp_check.svg | green_pass.svg
20211116_4241.jpg,אנא הקפידו על 2 מטרים-מסיכה-היגיינה,,,,אוניבסיטית בן גוריון,mask | soap |distance,Hebrew,Printed,Square,paper|printer,אוניבסיטה,"2021-11-16 - רובע החדשנות באר שבע, שכונה ג",16/11/2021,31.26186111,34.80115833,31.261861111111113/34.80115833333333,"אוניברסיטת בן גוריון בנגב, פרופסור חיים חנני, רובע החדשנות באר שבע, שכונה ג, באר שבע, נפת באר שבע, מחוז הדרום, 8452566, ישראל",Tal Oz and Nitzan Berns,dh.bgu.2022.1,mask.svg | soap.svg | distance.svg
IMG_20211103_165318.jpg,בחנות זו חייב לעטות מסיכה,הנחיות תו סגול-לכל ה10 תמונות,,,מרכז BIG,man_with_mask red | woman_with_mask red,Hebrew,Printed,Square,paper|printer, חנות במרכז BIG,BIG,03/11/2021,31.241458,34.81150497,31.241458/34.81150497222222,"ות חיל הנדסה, ביג באר שבע, אזור התעשייה באר שבע, באר שבע, נפת באר שבע, מחוז הדרום, 8441410, ישראל",יפים ריסברג,dh.bgu.2022.1,man_with_mask_red.svg | woman_with_mask_red.svg
IMG_20211103_165348.jpg,תמנון - לא תתאפשר כניסה ללא מסיכה + אנגלית\ערבית,,,,תמנון,man_with_mask red | woman_with_mask red | mask blue,Hebrew+English+Arabic,Printed,Square,paper|printer, חנות במרכז BIG,BIG,03/11/2021,31.24154197,34.81129397,31.241458/34.81150497222222,"לחם ארז, שדרות חיל הנדסה, ביג באר שבע, אזור התעשייה באר שבע, באר שבע, נפת באר שבע, מחוז הדרום, 8441410, ישראל",יפים ריסברג,dh.bgu.2022.1,man_with_mask_red.svg | woman_with_mask_red.svg | mask_blue.svg
IMG_20211103_165349.jpg,מסכה מכסה את הפה והאף+כיתוב נוסף,,,שומרים על הנחיות-שומרים על השגרה!,מרכז BIG,man_with_mask pink | woman_with_mask pink | soap | distance,Hebrew,Printed,Square,paper|printer, חנות במרכז BIG,BIG,03/11/2021,31.241544,34.81129397,31.241541972222223/34.81129397222222,"יל הנדסה, ביג באר שבע, אזור התעשייה באר שבע, באר שבע, נפת באר שבע, מחוז הדרום, 8441410, ישראל",יפים ריסברג,dh.bgu.2022.1,man_with_mask_pink.svg | woman_with_mask_pink.svg | soap.svg | distance.svg
IMG_20211103_165427.jpg,חלה חובה לחבוש מסכה בכל זמן שהות בסניף+כיתוב נוסף,,"לקוחות יקרים,בהתאם להנחיות משרד הבריאות",תודה על שיתוף הפעולה וחזרה מהירה לשגרה מאחלים בריאות איתנה צוות ACE,ACE,,Hebrew,Printed,Square,paper|printer, חנות במרכז BIG,BIG,03/11/2021,31.24144097,34.81098097,31.241544/34.81129397222222,"לחם ארז, שדרות חיל הנדסה, ביג באר שבע, אזור התעשייה באר שבע, באר שבע, נפת באר שבע, מחוז הדרום, 8441410, ישראל",יפים ריסברג,dh.bgu.2022.1,
IMG_20211103_165449.jpg,לקוחות יקרים!חובה עטיית מסיכות בחנויות!מסכה מצילה חיים ומונעת הדבקה!,,"לקוחות יקרים,","בריאות לכלום, מחסני תאורה",מחסני תאורה,woman_with_mask yellow | distance,Hebrew,Printed,Square,paper|printer, חנות במרכז BIG,BIG,03/11/2021,31.241602,34.811060999999995,31.24144097222222/34.81098097222222,"לחם ארז, שדרות חיל הנדסה, ביג באר שבע, אזור התעשייה באר שבע, באר שבע, נפת באר שבע, מחוז הדרום, 8441410, ישראל",יפים ריסברג,dh.bgu.2022.1,woman_with_mask_yellow.svg | distance.svg
IMG_20211103_165525.jpg,עוטים מסכה פה ואף+כיתוב נוסף,,,תודה על שיתוף הפעולה.,מרכז BIG,mask white | distance,Hebrew,Printed,Square,paper|printer, חנות במרכז BIG,BIG,03/11/2021,31.241982,34.810994,31.244134972222223/34.81082597222222,"אופטיקה מרקוביץ', שדרות חיל הנדסה, אזור התעשייה באר שבע, באר שבע, נפת באר שבע, מחוז הדרום, 8441410, ישראל",יפים ריסברג,dh.bgu.2022.1,mask_white.svg | distance.svg
IMG_20211103_170050.jpg,לקוחות יקרים! הקפידו על עטיית מסכה +ערבית\אנגלית,,,,מקדונלדס,mask blue,Hebrew+English+Arabic,Printed,Square,paper|printer, חנות במרכז BIG,BIG,03/11/2021,31.24413497,34.81082597,31.244134972222223/34.81082597222222,"מקדונלד'ס, אליהו נאוי, אזור התעשייה באר שבע, באר שבע, נפת באר שבע, מחוז הדרום, 8441410, ישראל",יפים ריסברג,dh.bgu.2022.1,mask_blue.svg
IMG_20211103_170500.jpg,חובת עטיית מסכה בחנות זו. לאתתאפשר כניסה ללא מסכה על אף ועל הפה,,,,ריקושט,man_with_mask white,Hebrew,Printed,Square,paper|printer, חנות במרכז BIG,BIG,03/11/2021,31.24274,34.81188197,31.24274/34.81188197222222,"קורדס, שדרות חיל הנדסה, אזור התעשייה באר שבע, באר שבע, נפת באר שבע, מחוז הדרום, 8441410, ישראל",יפים ריסברג,dh.bgu.2022.1,man_with_mask_white.svg
IMG_20211103_171130.jpg,חובה לחבוש מסכה בקניון + כיתוב נוסף,,,באזור פתוח הכל יותר בטוח. BIG,מרכז BIG,man_with_mask white | people | distance,Hebrew,Printed,Square,paper|printer, חנות במרכז BIG,BIG,03/11/2021,31.241422999999998,34.812038,31.241423/34.812037999999994,"תבליני מימון, שדרות חיל הנדסה, ביג באר שבע, אזור התעשייה באר שבע, באר שבע, נפת באר שבע, מחוז הדרום, 8441410, ישראל",יפים ריסברג,dh.bgu.2022.1,man_with_mask_white.svg | people.svg | distance.svg
IMG_20211103_171227.jpg,לקוחות נכבדים!כניסה לחנות עם מכה בלבד! אירופלקס,,לקוחות נכבדים!,,אירופלקס,,Hebrew,Printed,Square,paper|printer, חנות במרכז BIG,BIG,03/11/2021,31.241405,34.81211297,31.241405/34.81211297222222,"דרות חיל הנדסה, ביג באר שבע, אזור התעשייה באר שבע, באר שבע, נפת באר שבע, מחוז הדרום, 8441410, ישראל",יפים ריסברג,dh.bgu.2022.1,
IMG_20211024_202003.jpg,"שומרים ביחד על הנחיות משרד הבריאות. שומרים על מרחק שני מטרים מאדם לאדם. מקפידים על כמות הלקוחות בחנות. חובה לחבוש מסכה. נא להמנע מכניסה לקניון במקרים הבאים: שיעול, קושי בנשימה. חום מעל 38 מעלות. במידה ובאתם במגע עם חולה קורונה בשבועיים האחרונים.",הנחיות משרד הבריאות,שומרים ביחד על הנחיות משרד הבריאות,,קניון הנגב,mask black | distance | temp_check | cough,Hebrew,Printed,Square,paper|printer,קניון הנגב,"באר שבע, נפת באר שבע",24/10/2021,31.24476719,34.79496589,31.244767194444446/34.79496588888889,"שדרות יצחק רגר, שכונה א, באר שבע, נפת באר שבע, מחוז הדרום, 84102, ישראל",עמנואל מקסימוב וליאל אבסקאר,dh.bgu.2022.1,mask_black.svg | distance.svg | temp_check.svg | cough.svg
IMG_20211024_202024.jpg,לקוחות יקרים. על מנת לשמור על בריאותכם ובריאות הציבור ובהתאם להנחיות משרד הבריאות חובה לעטות מסיכה ולשמור על מרחק של 2 מ' זה מזה. חובת שמירת מרחק של 2 מטר. חובה לעטות מסיכה בעת השהות בסניף. תודה על ההבנה ושיתוף הפעולה,על מנת לשמור על בריאותכם ובריאות הציבור ובהתאם להנחיות משרד הבריאות,לקוחות יקרים,תודה על ההבנה ושיתוף הפעולה,רנואר,woman_with_mask | distance | cough,Hebrew,Printed,Square,paper|printer,חנות בגדים,"מרכז העיר, באר שבע",24/10/2021,31.24422589,34.79543778,31.24422588888889/34.79543777777778,"קניון הנגב, אילת, מרכז העיר, באר שבע, נפת באר שבע, מחוז הדרום, 84100, ישראל",עמנואל מקסימוב וליאל אבסקאר,dh.bgu.2022.1,woman_with_mask.svg | distance.svg | cough.svg
IMG_20211024_202054,שומרים על הבריאות ביחד. יש לעטות מסיכה יש לשמור על מרחק של 2 מטר בזמן הביקור בחנות וההמתנה לתורכם.,שומרים על הבריאות ביחד,,,פוקס,mask white | 2m,Hebrew,Printed,Square,paper|printer,חנות בגדים,"מרכז העיר, באר שבע",24/10/2021,31.24398328,34.79512569,31.24398327777778/34.795125694444444,"קניון הנגב, אילת, מרכז העיר, באר שבע, נפת באר שבע, מחוז הדרום, 84100, ישראל",עמנואל מקסימוב וליאל אבסקאר,dh.bgu.2022.1,mask_white.svg | 2m.svg
IMG_20211024_202223,"מטופלים יקרים. ע""פ הנחיות משרד הבריאות הינכם מתבקשים: 1. לעבור מדידת חום 2. להיכנס למרפאה עם מסכה 3. לא תותר כניסת מלווים | תודה על שיתוף הפעולה","ע""פ הנחיות משרד הבריאות",מטופלים יקרים.,תודה על שיתוף הפעולה,שבע עיניים,covid black,Hebrew,Printed,Square,paper|printer,מרכז רפואי- עיניים,"מרכז העיר, באר שבע",24/10/2021,31.24383908,34.79468319,31.243839083333334/34.794683194444445,"קניון הנגב, אילת, מרכז העיר, באר שבע, נפת באר שבע, מחוז הדרום, 84100, ישראל",עמנואל מקסימוב וליאל אבסקאר,dh.bgu.2022.1,covid_black.svg
IMG_20211024_202342.jpg,כניסה לחנות עם מסכה בלבד!!!,,,,,,Hebrew,hand written,Cursive,paper|marker pen,חנות בגדים,"מרכז העיר, באר שבע",24/10/2021,31.24381978,34.79432858,31.24381977777778/34.79432858333333,"קניון הנגב, אילת, מרכז העיר, באר שבע, נפת באר שבע, מחוז הדרום, 84100, ישראל",עמנואל מקסימוב וליאל אבסקאר,dh.bgu.2022.1,
IMG_20211024_202727.jpg,"לקוחות יקרים! כמה טוב לראות אתכם שוב! נבקשכם להקפיד על הנחיות משרד הבריאות הבאות: שמירת מרחק של 2 מטר בין הלקוחות. | חובה לחבוש מסיכה בכניסה ובעת השהייה בחנות. | הגבלה על מספר לקוחות בו זמנית בחנות. בחנות זו מותרת שהייה של עד __ לקוחות על כל __ מ""ר",הנחיות משרד הבריאות,לקוחות יקרים! כמה טוב לראות אתכם שוב!,,ורדינון,distance | mask black,Hebrew,Printed,Square,paper|printer,חנות מצעים,"מרכז העיר, באר שבע",24/10/2021,31.24368158,34.79476889,31.243681583333334/34.79476888888889,"קניון הנגב, אילת, מרכז העיר, באר שבע, נפת באר שבע, מחוז הדרום, 84100, ישראל",עמנואל מקסימוב וליאל אבסקאר,dh.bgu.2022.1,distance.svg | mask_black.svg
IMG_20211024_202739.jpg,"לא תתאפשר כניסה ללא מסכה | NO ENTRY WITHOUT MASK | لن يُسمح بالدخول بدون قناع
",,,,תמנון,mask blue,Hebrew | English | Arabic,Printed,Square,paper|printer,חנות בגדים,"מרכז העיר, באר שבע",24/10/2021,31.24351278,34.79472928,31.243512777777777/34.794729277777776,"קניון הנגב, אילת, מרכז העיר, באר שבע, נפת באר שבע, מחוז הדרום, 84100, ישראל",עמנואל מקסימוב וליאל אבסקאר,dh.bgu.2022.1,mask_blue.svg
IMG_20211024_202833.jpg,כאן שומרים על ההנחיות! | מרחק 2 מטר מאדם לאדם | מסכה המכסה את הפה והאף | היגיינה אישית חיטוי ידיים | שומרים על ההנחיות- שומרים על השגרה!,,כאן שומרים על ההנחיות!,שומרים על ההנחיות- שומרים על השגרה!,יעדים,man_with_mask pink | woman_with_mask pink | soap | distance,Hebrew,Printed,Square,paper|printer,חברה עירונית לפיתוח עסקי באר שבע,"מרכז העיר, באר שבע",24/10/2021,31.24371897,34.794882,31.243718972222222/34.794882,"קניון הנגב, אילת, מרכז העיר, באר שבע, נפת באר שבע, מחוז הדרום, 84100, ישראל",עמנואל מקסימוב וליאל אבסקאר,dh.bgu.2022.1,man_with_mask_pink.svg | woman_with_mask_pink.svg | soap.svg | distance.svg
IMG_20211024_202910.jpg,"לקוחות יקרים, על מנת לשמור על בריאותכם ולפי הנחיות משרד הבריאות אנא היכנסו עם מסכות פנים | אחראי קורונה ברשת הסניפים: עמי מטלון- 052-2799226",על מנת לשמור על בריאותכם ולפי הנחיות משרד הבריאות,לקוחות יקרים,,טבע נאות,,Hebrew,Printed,Square,paper|printer,חנות נעליים,"מרכז העיר, באר שבע",24/10/2021,31.24396169,34.79525228,31.243961694444444/34.79525227777778,"קניון הנגב, אילת, מרכז העיר, באר שבע, נפת באר שבע, מחוז הדרום, 84100, ישראל",עמנואל מקסימוב וליאל אבסקאר,dh.bgu.2022.1,
IMG_20211024_202941.jpg,הכניסה ללא מסכה אסורה! יחד נלחמים בנגיף הקורונה,,,יחד נלחמים בנגיף הקורונה,מאניה ג'ינס,mask white,Hebrew,Printed,Square,paper|printer,חנות בגדים,"מרכז העיר, באר שבע",24/10/2021,31.24407008,34.79542708,31.244070083333334/34.79542708333333,"קניון הנגב, אילת, מרכז העיר, באר שבע, נפת באר שבע, מחוז הדרום, 84100, ישראל",עמנואל מקסימוב וליאל אבסקאר,dh.bgu.2022.1,mask_white.svg
IMG_20211024_203010.jpg,"שומרים על ההנחיות שומרים על הבריאות | לקוחות יקרים | עפ""י הנחיות משרד הבריאות ובכדי לשמור על בריאות כולנו יש לעטות מסיכה בכניסה לחנות ולשמור מרחק של 2 מטרים מאדם לאדם","עפ""י הנחיות משרד הבריאות ובכדי לשמור על בריאות כולנו",שומרים על ההנחיות שומרים על הבריאות | לקוחות יקרים,,דיוטי מוטי,man_with_mask white | distance,Hebrew,Printed,Square,paper|printer,חנות בגדים,"מרכז העיר, באר שבע",24/10/2021,31.24392589,34.79569889,31.24392588888889/34.795698888888886,"קניון הנגב, אילת, מרכז העיר, באר שבע, נפת באר שבע, מחוז הדרום, 84100, ישראל",עמנואל מקסימוב וליאל אבסקאר,dh.bgu.2022.1,man_with_mask_white.svg | distance.svg
IMG_20211024_203221.jpg,לקוחות יקרים על מנת שנוכל להעניק לכם שירות בבטחה ולשמור על בריאותכם ובריאות הצוות אנא השמעו להנחיות ונהלי משרד הבריאות. | טרם כניסתם לנות עליך לבדוק חום ולוודא שאינו 38 מעלות צלזיוס ומעלה | אנא השמעו להנחיית כמות הנכנסים לסניף | יש לשמור על מרח 2 מטרים מאדם לאדם | לשרותך עמדת חיטוי ידיים | חובה לחבוש מסכה טרם נכנסת לסניף ובזמן השהות בו | יש להישמע להנחיות מרחק עמידה בתור לקופה| אנא המנעו מכניסה לסניף במקרים הבאים: שיעול | חום מעל 38 מעלות | במידה ובאתם במגע עם חוהל קורונה בשבועיים האחרונים | תודה על סבלנותכם ושיתוף הפעולה למען עתיד בריא יותר,על מנת שנוכל להעניק לכם שירות בבטחה ולשמור על בריאותכם ובריאות הצוות אנא השמעו להנחיות ונהלי משרד הבריאות.,לקוחות יקרים ,תודה על סבלנותכם ושיתוף הפעולה למען עתיד בריא יותר,,man_with_mask red | hand_washing | distance | temp_check,Hebrew,Printed,Square,paper|printer,חנות נעליים,"מרכז העיר, באר שבע",24/10/2021,31.243823499999998,34.79489,31.2438235/34.794889999999995,"קניון הנגב, אילת, מרכז העיר, באר שבע, נפת באר שבע, מחוז הדרום, 84100, ישראל",עמנואל מקסימוב וליאל אבסקאר,dh.bgu.2022.1,man_with_mask_red.svg | hand_washing.svg | distance.svg | temp_check.svg
IMG_20211024_204352.jpg,"בתחנה הזאת נוהגים באחריות ומקפידים על: מרחק 2 מטר מאדם לאדם | עטיית מסכץ פה ואף | נמנעים מהתקהלות | במידה ואת/ה מאומת/ת לנגיף הקורונה, מחוייב/ת בבידוד או מגלה תסמינים, חל איסור לעלות על האוטובוס או לשהות בתחנה. שומרים על ההנחיות- שומרים על השגרה!",,,שומרים על ההנחיות- שומרים על השגרה!,תחנת אוטובוס,man_with_mask pink | woman_with_mask pink |  distance,Hebrew,Printed,Square,paper|printer,תחנת אוטובוס,"מרכז העיר, באר שבע",24/10/2021,31.24526769,34.79628258,31.245267694444447/34.79628258333333,"אסותא מגדל שבע, שדרות יצחק רגר, מרכז העיר, באר שבע, נפת באר שבע, מחוז הדרום, 84102, ישראל",עמנואל מקסימוב וליאל אבסקאר,dh.bgu.2022.1,man_with_mask_pink.svg | woman_with_mask_pink.svg | distance.svg
20211023_222704.jpg,בבקשה! לשים מסכות בכניסה לחנות (ניתן לרכוש מסכה ב1 שקל),,בבקשה!,,שבע בעיר,,Hebrew,Printed,Square,paper|printer,מינימרקט,"מצדה, שכונה ד",23/10/2021,31.258695799999998,34.79566086,31.258695797444446/34.79566086083333,"מרכז הנגב, 6, מצדה, שכונה ד, באר שבע, נפת באר שבע, מחוז הדרום, 8452566, ישראל",ענבר לוז ודנה וינברג,dh.bgu.2022.1,
20211023_222940.jpg,אין כניסה ללא מסיכה.,,,,מכבסה,mask yellow | ruler yellow | calendar yellow | paper_with_pen yellow | people | hand yellow,Hebrew,Printed,Square,paper|printer,מכבסה,"מצדה, שכונה ד",23/10/2021,31.25867029,34.7956907,31.258670289583332/34.795690700416664,"מרכז הנגב, 6, מצדה, שכונה ד, באר שבע, נפת באר שבע, מחוז הדרום, 8452566, ישראל",ענבר לוז ודנה וינברג,dh.bgu.2022.1,mask_yellow.svg | ruler_yellow.svg | calendar_yellow.svg | paper_with_pen_yellow.svg | people.svg | hand_yellow.svg
20211023_223009.jpg,הכניסה למספרה עם מסיכה בלבד!,,,,סוזי סטייל,,Hebrew,Printed,Square,paper|printer,מספרה,"מצדה, שכונה ד",23/10/2021,31.25878149,34.7956555,31.258781492333334/34.795655496416664,"מרכז הנגב, 6, מצדה, שכונה ד, באר שבע, נפת באר שבע, מחוז הדרום, 8452566, ישראל",ענבר לוז ודנה וינברג,dh.bgu.2022.1,
20211023_223039.jpg,"לקוח יקר, בהתאם להנחיות משרד הבריאות, כניסה לסניף מותרת בתנאים הבאים: עטיית מסיכה ושמירה על מרחק של 2 מ, מלקוחות אחרים",בהתאם להנחיות משרד הבריאות,לקוח יקר,,בנק יהב,man_with_mask  | 2m white,Hebrew,Printed,Square,paper|printer,בנק,"מצדה, שכונה ד",23/10/2021,31.25875799,34.79568869,31.25875799075/34.79568868875,"מרכז הנגב, 6, מצדה, שכונה ד, באר שבע, נפת באר שבע, מחוז הדרום, 8452566, ישראל",ענבר לוז ודנה וינברג,dh.bgu.2022.1,man_with_mask.svg | 2m_white.svg
20211023_223048.jpg,חובה לעטות מסיכת פה ואף בסניף,,,,בנק יהב,man_with_mask  | temp_check  | 2m white,Hebrew,Printed,Square,paper|printer,בנק,"מצדה, שכונה ד",23/10/2021,31.25872876,34.795661200000005,31.25872875702778/34.79566119611111,"מרכז הנגב, 6, מצדה, שכונה ד, באר שבע, נפת באר שבע, מחוז הדרום, 8452566, ישראל",ענבר לוז ודנה וינברג,dh.bgu.2022.1,man_with_mask.svg | temp_check.svg | 2m_white.svg
20211024_130829.jpg,"שומרים על הבריאות. לקוחות יקרים, בכדי לשמור על בריאותכם אנא הקפידו על הנחיות משרד הבריאות: חובה לעטות מסיכת פה ואף. תודה על שיתוף הפעולה",בכדי לשמור על בריאותכם,לקוחות יקרים,תודה על שיתוף הפעולה,קניון עופר,mask white,Hebrew,Printed,Square,paper|printer,קניון,"שדרות דוד טוביהו, שכונה ט",24/10/2021,31.25042659,34.77170873,31.250426590388887/34.77170873433333,"גרנד קניון באר שבע, 125, שדרות דוד טוביהו, שכונה ט, באר שבע, נפת באר שבע, מחוז הדרום, 8445318, ישראל",ענבר לוז ודנה וינברג,dh.bgu.2022.1,mask_white.svg
20211024_131049.jpg,חובה לחבוש מסיכה בכניסה לחנות. תודה.,,,תודה,stradivarius,man_with_mask | distance black,Hebrew,Printed,Square,paper|printer,חנות בגדים,"באר שבע, נפת באר שבע",24/10/2021,31.25156135,34.77186095,31.251561352694445/34.77186094969444,"גרנד קניון באר שבע, 125, שדרות דוד טוביהו, שכונה ט, באר שבע, נפת באר שבע, מחוז הדרום, 8445318, ישראל",ענבר לוז ודנה וינברג,dh.bgu.2022.1,man_with_mask.svg | distance_black.svg
20211024_131102.jpg,חובה לחבוש מסיכה בכניסה לחנות. תודה.,,,תודה,אמירקן איגל,mask grey,Hebrew,Printed,Square,paper|printer,חנות בגדים,"מרכז העיר, באר שבע",24/10/2021,31.243725,34.79461667,31.243725/34.79461666666666,"קניון הנגב, אילת, מרכז העיר, באר שבע, נפת באר שבע, מחוז הדרום, 84100, ישראל",ענבר לוז ודנה וינברג,dh.bgu.2022.1,mask_grey.svg
20211024_140707.jpg,"לקוחות יקרים / יקרות. בהמשך להנחיות משרד הבריאות, אנא הקפידו על הכללים הבאים: יש לעטות מסיכה. יש להימנע מהתקהלויות.",בהמשך להנחיות משרד הבריאות,לקוחות יקרים/יקרות,,pandora,mask black | people black,Hebrew,Printed,Square,paper|printer,חנות תכשיטים,"שכונה ה, באר שבע",24/10/2021,31.25323467,34.77144085,31.25323466513889/34.771440848694446,"גרנד קניון באר שבע, 125, שדרות דוד טוביהו, שכונה ט, באר שבע, נפת באר שבע, מחוז הדרום, 8445318, ישראל",ענבר לוז ודנה וינברג,dh.bgu.2022.1,mask_black.svg | people_black.svg
20211024_140722.jpg,כניסה ללא מסכה אסורה!,,,,,man_with_mask,Hebrew,Printed,Square,paper|printer,חנות טיולים,"מרכז העיר, באר שבע",24/10/2021,31.243725,34.79461667,31.243725/34.79461666666666,"קניון הנגב, אילת, מרכז העיר, באר שבע, נפת באר שבע, מחוז הדרום, 84100, ישראל",ענבר לוז ודנה וינברג,dh.bgu.2022.1,man_with_mask.svg
20211024_140732.jpg,"לקוחות יקרים, כדי לשמור על בריאותכם וגם על שלנו, בבקשה לחבוש מסיכה ולשמור על מרחק של 2 מטרים.",כדי לשמור על בריאותכם וגם על שלנו,לקוחות יקרים,,קרולינה למקה,heart red,Hebrew,Printed,Square,paper|printer,חנות משקפיים,"מרכז העיר, באר שבע",24/10/2021,31.243725,34.79461667,31.243725/34.79461666666666,"קניון הנגב, אילת, מרכז העיר, באר שבע, נפת באר שבע, מחוז הדרום, 84100, ישראל",ענבר לוז ודנה וינברג,dh.bgu.2022.1,heart_red.svg
20211024_140740.jpg,כמה טוב לראות אתכם שוב! בהתאם להנחיות משרד הבריאות בחנות זו מותרת שהיה של עד 28 לקוחות. התגעגענו. עזרו לנו לשמור על הנחיות הבטיחות. בילוי מהנה ובריאות לכולם. ,בהתאם להנחיות משרד הבריאות,כמה טוב לראות אתכם שוב,התגעגענו עזרו לנו לשמור על הנחיות הבטיחות למען בילוי מבנה ובריאות לכולם!,קניון עופר,heart white,Hebrew,Printed,Square,paper|printer,קניון,"מרכז העיר, באר שבע",24/10/2021,31.25323467,34.77144085,31.25323466513889/34.771440848694446,"גרנד קניון באר שבע, 125, שדרות דוד טוביהו, שכונה ט, באר שבע, נפת באר שבע, מחוז הדרום, 8445318, ישראל",ענבר לוז ודנה וינברג,dh.bgu.2022.1,heart_white.svg
20211024_140754.jpg,חובת חבישת מסיכה,,,,aldo,man_with_mask ,Hebrew,Printed,Square,paper|printer,חנות נעליים,"מרכז העיר, באר שבע",24/10/2021,31.243725,34.79461667,31.243725/34.79461666666666,"קניון הנגב, אילת, מרכז העיר, באר שבע, נפת באר שבע, מחוז הדרום, 84100, ישראל",ענבר לוז ודנה וינברג,dh.bgu.2022.1,man_with_mask.svg
20211024_143820.jpg,חובה לחבוש מסיכה בכניבה לחנות. תודה,,,תודה,Pull & Bear,man_with_mask ,Hebrew,Printed,Square,paper|printer,חנות בגדים,"מרכז העיר, באר שבע",24/10/2021,31.243725,34.79461667,31.243725/34.79461666666666,"קניון הנגב, אילת, מרכז העיר, באר שבע, נפת באר שבע, מחוז הדרום, 84100, ישראל",ענבר לוז ודנה וינברג,dh.bgu.2022.1,man_with_mask.svg
20211024_144340.jpg,חובה לחבוש מסיכה בכניסה לחנות. תודה.,,,תודה,ברשקה,mask grey | distance black,Hebrew,Printed,Square,paper|printer,חנות בגדים,"שדרות דוד טוביהו, שכונה ט",24/10/2021,31.25045525,34.77174629,31.25045525338889/34.771746285249996,"גרנד קניון באר שבע, 125, שדרות דוד טוביהו, שכונה ט, באר שבע, נפת באר שבע, מחוז הדרום, 8445318, ישראל",ענבר לוז ודנה וינברג,dh.bgu.2022.1,mask_grey.svg | distance_black.svg
20211024_144359.jpg,הכניסה ללא מסכה אסורה! יחד נלחמים בנגיף הקורונה,,,,חנות בגדים,mask white,Hebrew,Printed,Square,paper|printer,חנות בגדים,"מרכז העיר, באר שבע",24/10/2021,31.243725,34.79461667,31.243725/34.79461666666666,"קניון הנגב, אילת, מרכז העיר, באר שבע, נפת באר שבע, מחוז הדרום, 84100, ישראל",ענבר לוז ודנה וינברג,dh.bgu.2022.1,mask_white.svg
20211024_144440.jpg,"לקוחות יקרים, 1. חובה לעטות מסיכה. 2. יש לשמור מרחק של 2 מטר. תודה רבה, צוות S-wear",,לקוחות יקרים,תודה רבה מהצוות,S.wear,mask | distance ,Hebrew,Printed,Square,paper|printer,חנות בגדים,"מרכז העיר, באר שבע",24/10/2021,31.243725,34.79461667,31.243725/34.79461666666666,"קניון הנגב, אילת, מרכז העיר, באר שבע, נפת באר שבע, מחוז הדרום, 84100, ישראל",ענבר לוז ודנה וינברג,dh.bgu.2022.1,mask.svg | distance.svg
20211024_144451.jpg,"יחד נשמור אחד על השני! לקוחות יקרים, אנו שומרים על היגיינה וחיטוי באופן תדיר. חובה לשהות בחנות עם מסיכה. אנא הקפידו על שמירת מרחק של 2 מטר אחד מהשני.",,לקוחות יקרים,,קרביץ,man_with_mask black | woman_with_mask black | distance,Hebrew,Printed,Square,paper|printer,חנות ציוד משרדי,"מרכז העיר, באר שבע",24/10/2021,31.243725,34.79461667,31.243725/34.79461666666666,"קניון הנגב, אילת, מרכז העיר, באר שבע, נפת באר שבע, מחוז הדרום, 84100, ישראל",ענבר לוז ודנה וינברג,dh.bgu.2022.1,man_with_mask_black.svg | woman_with_mask_black.svg | distance.svg
20211024_144511.jpg,בהתאם להוראות מרד הבריאות בחנות זו מותרת כניסה של 52 לקוחות. עוטים מסיכת פה ואף. שומרים על מחרק 2 מטר. תודה על שיתוף הפעולה,בהתאם להוראות משרד הבריאות,,תודה על שיתוף הפעולה,פוקס,mask white | distance white,Hebrew,Printed,Square,paper|printer,חנות בגדים,"מרכז העיר, באר שבע",24/10/2021,31.243725,34.79461667,31.243725/34.79461666666666,"קניון הנגב, אילת, מרכז העיר, באר שבע, נפת באר שבע, מחוז הדרום, 84100, ישראל",ענבר לוז ודנה וינברג,dh.bgu.2022.1,mask_white.svg | distance_white.svg
20211024_144642.jpg,חובה עטיית מסיכה בחנות זו. לא תתאפשר כניסה ללא מסיכה על האף והפה,,,,למטייל,man_with_mask white,Hebrew,Printed,Square,paper|printer,חנות טיולים,"מרכז העיר, באר שבע",24/10/2021,31.243725,34.79461667,31.243725/34.79461666666666,"קניון הנגב, אילת, מרכז העיר, באר שבע, נפת באר שבע, מחוז הדרום, 84100, ישראל",ענבר לוז ודנה וינברג,dh.bgu.2022.1,man_with_mask_white.svg
IMG_1.jpg,"הכניסה תתבצע לפי כללי התו הירוק | The entry will be made according to the rules of the Green Pass | Въезд будет осуществляться по правилам зеленого знака. | سيتم الدخول وفقًا لقواعد العلامة الخضراء

",לפי כללי התו הירוק,,,space,mask,Hebrew | English | Russian | Arabic,Printed,Square,paper|printer,חדר כושר,"מרכז העיר, באר שבע",24/10/2021,31.24370908,34.79428489,31.243709083333336/34.79428488888889,"קניון הנגב, אילת, מרכז העיר, באר שבע, נפת באר שבע, מחוז הדרום, 84100, ישראל",עמנואל מקסימוב וליאל אבסקאר,dh.bgu.2022.1,mask.svg
IMG_2.jpg,הכניסה לחנות עם מסכה בלבד | חובה לעטות מסכה בחנות בכל זמן,,,,royalty,,Hebrew,Printed,Square,paper|printer,חנות תכשיטים,"מרכז העיר, באר שבע",24/10/2021,31.24363889,34.79488789,31.24363888888889/34.79488788888889,"קניון הנגב, אילת, מרכז העיר, באר שבע, נפת באר שבע, מחוז הדרום, 84100, ישראל",עמנואל מקסימוב וליאל אבסקאר,dh.bgu.2022.1,
20211116_113408.jpg,חובה לחבוש מסכה הנחייה לחבוש מסיכת פה ואף במרחב הציבורי ובעבודה,,,שומרים על הכללים שומרים על החיים,תפוח פיס ערד,mask blue | mask white | cough | woman_with_mask medium brown white | man_walking | girl_with_mask medium brown blue,Hebrew,printed,Square,paper|printer,תפוח פיס,"2021-11-16 - לבאות, ערד",16/11/2021,31.262891999999997,35.214621,31.262892/35.214621,"מקיף אורט, יאשיהו, לבאות, ערד, נפת באר שבע, מחוז הדרום, ישראל","ofir ben shoshan, shahaf belaish",dh.bgu.2022.1,mask_blue.svg | mask_white.svg | cough.svg | woman_with_mask_medium_brown_white.svg | man_walking.svg | girl_with_mask_medium_brown_blue.svg
20211116_153520.jpg,כניסה למספרה עם מסכה בלבד!,,,,משה אגמי עיצוב שיער,,Hebrew,printed,Square,paper|printer,מספרה,"2021-11-16 - מצדה, שכונה ד",16/11/2021,31.259122499999997,34.7959152,31.2591225/34.795915199999996,"מרכז הנגב, 6, מצדה, שכונה ד, באר שבע, נפת באר שבע, מחוז הדרום, 8452566, ישראל","ofir ben shoshan, shahaf belaish",dh.bgu.2022.1,
20211116_153610.jpg,"בבקשה! לשים מסכות בכניסה לחנות (ניתן לרכוש מסכה ב1 ש""ח)",,,,7 בעיר,,Hebrew,printed,Square,paper|printer,סופר,"2021-11-16 - מצדה, שכונה ד",16/11/2021,31.259122499999997,34.7959152,31.2591225/34.795915199999996,"מרכז הנגב, 6, מצדה, שכונה ד, באר שבע, נפת באר שבע, מחוז הדרום, 8452566, ישראל","ofir ben shoshan, shahaf belaish",dh.bgu.2022.1,
20211116_153639.jpg,"לקוחות יקרים, רשת ZER4U פועלת בכפוף להנחיות משרד הבריאות ולפי תקן התו הסגול למען שמירה על בריאות הציבור. שומרים על ההנחיות- שומרים על הבריאות!",בכפוף להנחיות משרד הבריאות ולפי תקן התו הסגול,לקוחות יקרים!,שומרים על ההנחיות- שומרים על הבריאות!,ZER4U,,Hebrew,printed,Square,paper|printer,,"2021-11-16 - מצדה, שכונה ד",16/11/2021,31.259023600000003,34.7964124,31.259023599722223/34.7964124,"מרכז הנגב, 6, מצדה, שכונה ד, באר שבע, נפת באר שבע, מחוז הדרום, 8452566, ישראל","ofir ben shoshan, shahaf belaish",dh.bgu.2022.1,
,לקוחות יקרים לעטות מסיכה רשת ZER4U,,לקוחות יקרים,רשת ZER4U,ZER4U,,Hebrew,printed,Square,paper|printer,,"2021-11-16 - מצדה, שכונה ד",16/11/2021,31.259023600000003,34.7964124,31.2590236/34.7964124,"מרכז הנגב, 6, מצדה, שכונה ד, באר שבע, נפת באר שבע, מחוז הדרום, 8452566, ישראל","ofir ben shoshan, shahaf belaish",dh.bgu.2022.1,
112235_20211109.jpg,"חובה חבישת מסיכה, התו הסגול",על פי הנחיות משרד הבריאות,,,,woman_with_mask light brown white | man_with_mask light brown light,Hebrew,printed,Square,paper|printer,מסעדה,,09/11/2021,31.26642598,34.8005334,31.26642597643212/ 34.800533403158326,"רינגלבלום 2, באר שבע, ישראל",Oded Sadnak,dh.bgu.2022.1,woman_with_mask_light_brown_white.svg | man_with_mask_light_brown_light.svg
131423_20211117.jpg,חובה לעטות מסיכה בשטח החנות,בהתאם להנחיות משרד הבריאות,,,אלוף הספורט,mask black,Hebrew,printed,Square,paper|printer,חנות למוצרי ספורט,,###############################################################################################################################################################################################################################################################,31.24486465,34.81260495,31.244864653284544/ 34.81260494795239,"אלוף ספורט, חיל הנדסה 1, באר שבע, ישראל",Oded Sadnak,dh.bgu.2022.1,mask_black.svg
131529_20211117.jpg,"הכניסה לחנות מותנית בעטיית מסכה, כמו כן לאור הנחיות התו הסגול, מספר הלוקוחות המקסמילי בחנות הוא 37. הכניסה לחנות תתבצע בהתאם לכמות הלקוחות האפשרית וההנחיות כאמור.",בהתאם להנחיות משרד הבריאות,לקוחות יקרים,"אנו מודים לכם על ההבנה והסבלנות. הנהלת ""מקס כאן קונים בכיף""",MAX כאן קונים בכיף,,Hebrew,printed,Square,paper|printer,חנות למוצרים לבית,,###############################################################################################################################################################################################################################################################,31.24400966,34.81351331,31.244009662164224/ 34.813513306478036,"חיל הנדסה, באר שבע,ישראל",Oded Sadnak,dh.bgu.2022.1,
132950_20211117.jpg,כדי לשמור על בריאותכם ולפי הנחיות משרד הבריאות חובה על כולם לחבוש מסכה בכניסה לסניף. לקוחות ללא מסיכה לא יורשו להיכנס לסניף.,,לקוחות יקרים,תודה על הבנתכם,BE by Shufersal,mask white,Hebrew,printed,Square,paper|printer,רשת למוצרי טואליטקיה,,###############################################################################################################################################################################################################################################################,31.2450778,34.81251794,31.24507779877869/ 34.8125179401981,"חיל הנדסה 1, באר שבע, 8489956,ישראל",Oded Sadnak,dh.bgu.2022.1,mask_white.svg
133141_20211117.jpg,"בעת הכניסה למקום חובה להציג אישור 'תו ירוק, ולהקפיד על חבישת מסיכה",,לקוחות יקרים,תודה על שיתוף הפעולה ובתיאבון,בורגראנץ',,Hebrew,printed,Square,paper|printer,מסעדה,,###############################################################################################################################################################################################################################################################,31.24593877,34.81290437,31.24593876731875/ 34.812904372162436,"חיל הנדסה 1, באר שבע, ישראל",Oded Sadnak,dh.bgu.2022.1,
133226_20211117.jpg,עטיית מסכה חובה,על פי הנחיות משרד הבריאות,,,עמינח,mask blue ,Hebrew,printed,Square,paper|printer,חנות מזרנים,,###############################################################################################################################################################################################################################################################,31.24471444,34.8127533,31.244714444756557/ 34.81275329970481,"דרך חברון 21, באר שבע, ישראל",Oded Sadnak,dh.bgu.2022.1,mask_blue.svg
133235_20211117.jpg,עטיית מסכה חובה,על פי הנחיות משרד הבריאות,,,AMERICAN COMFORT,mask white,Hebrew,printed,Square,paper|printer,חנות מזרנים,,###############################################################################################################################################################################################################################################################,31.24465,34.81250522,31.244650004848392/ 34.81250521670743,"דרך חברון 21, באר שבע, ישראל",Oded Sadnak,dh.bgu.2022.1,mask_white.svg
133255_20211117.jpg,הכניסה מותנית בעטיית מסיכה,,שימו לב!,,Parthner 5G,man_with_mask,Hebrew,printed,Square,paper|printer,חנות פלאפונים ותקשורת,,###############################################################################################################################################################################################################################################################,31.24405777,34.81366016,31.244057767176304/ 34.81366015830225,"דרך חברון 21, באר שבע, ישראל",Oded Sadnak,dh.bgu.2022.1,man_with_mask.svg
214642_20211107.jpg,השירות ינתן במסכה בלבד!,,,,פיצה שמש,mask ,Hebrew,hand written,Square,paper|marker pen,פיצריה,,07/11/2021,31.270243,34.79778613,31.270242997264045/ 34.79778613199462,"מרכז אורן יצחק רגר 185, באר שבע, ישראל",Oded Sadnak,dh.bgu.2022.1,mask.svg
134428_20211110.jpg,כאן שומרים על ההנחיות! | מרחק 2 מטר מאדם לאדם | מסכה המכסה את הפה והאף | היגיינה אישית חיטוי ידיים | שומרים על ההנחיות- שומרים על השגרה!,,כאן שומרים על ההנחיות,שומרים על ההנחיות- שומרים על הבריאות!,השיפודיה של אטיאס,man_with_mask  pink | woman_with_mask pink | soap | distance,Hebrew,printed,Square,paper|printer,שיפודיה,,10/11/2021,31.27009004,34.79769748,31.270090036726412/ 34.79769747672759,"מרכז אורן, אברהם אבינו 20, באר שבע, 8455803, ישראל",Oded Sadnak,dh.bgu.2022.1,man_with_mask_pink.svg | woman_with_mask_pink.svg | soap.svg | distance.svg
1636305653787.jpg,"לקוחות יקרים! בהתאם לעיקרי התו הסגול לקבלת קהל ובמטרה לשמור על בריאות כולנו. בטרם כניסה לעסק וקבלת שרות על כל אחד מהמבקרים להענות לדרישות הבאות:
1. מדידת חום (כניסה תתאפשר רק במידה וחום הגוף נמוך מ 38 מעלות).
2. עטיית מסיכה, המכסה את האף והפה, במשך כל זמן שהייה בחנות.
3. מילוי וחתימה על טופס מילוי פרטים.
4. בכל עת מותרת כניסת אדם אחד למקום.",,לקוחות יקרים!,,עסק,,Hebrew,printed,Square,paper|printer,"משרד נדל""ן","2021-11-05 - שנקין, גבעתיים",11/05/2021,32.07593536,34.81414031,32.075935361111114/34.814140305555554,"54, שיינקין, שנקין, גבעתיים, נפת תל אביב, מחוז תל אביב, 53100, ישראל",Avishai Vaisman,dh.bgu.2022.1,
1636305653831.jpg,"לקוחות יקרים, בהתאם להנחיות משרד הבריאות יש לחבוש מסכה בעת קבלת השירות במקום
תודה על ההבנה
 שמרו על בריאותכם",בהתאם להנחיות משרד הבריאות,"לקוחות יקרים,","תודה על ההבנה
שמרו על בריאותכם",מקום,,Hebrew,printed,Square,paper|printer,חנות שייקים,"2021-11-05 - שנקין, גבעתיים",11/05/2021,32.07612608,34.814476,32.076126083333335/34.814476,"60, שיינקין, שנקין, גבעתיים, נפת תל אביב, מחוז תל אביב, 53100, ישראל",Avishai Vaisman,dh.bgu.2022.1,
1636305653868.jpg,"הכניסה מותרת עם מסיכה בלבד
תודה!",,,תודה!,,,Hebrew,printed,Square,paper|printer,מספרה,"2021-11-05 - שנקין, גבעתיים",11/05/2021,32.07663344,34.81459425,32.07663344444445/34.81459425,"Oovad Sabich Restaurant, סירקין, שנקין, גבעתיים, נפת תל אביב, מחוז תל אביב, 53100, ישראל",Avishai Vaisman,dh.bgu.2022.1,
1636305653901.jpg,עטיית מסיכה חובה!!!,,,,,man_with_mask,Hebrew,hand written,Square,paper|marker pen,חנות בגדים יד 2,"2021-11-05 - שנקין, גבעתיים",11/05/2021,32.07646178,34.81457136,32.07646177777778/34.814571361111106,"2, סירקין, שנקין, גבעתיים, נפת תל אביב, מחוז תל אביב, 53100, ישראל",Avishai Vaisman,dh.bgu.2022.1,man_with_mask.svg
1636305653931.jpg,"לקוחות יקרים
למען בריאותכם ובריאות עובדינו, ובהתאם להנחיות משרד הבריאות.
נא לעטות מסכה בעת הכניסה לחנות
לא יינתן שירות ללקוח שלא עוטה מסיכה, למעט בעלי פטור.
כניסה מותרת עד 20 לקוחות
תודה על ההבנה,
ניצת הדובדבן","למען בריאותכם ובריאות עובדינו, ובהתאם להנחיות משרד הבריאות.",לקוחות יקרים,"תודה על ההבנה,
ניצת הדובדבן",חנות,,Hebrew,printed,Square,paper|printer,חנות טבע,"2021-11-05 - שנקין, גבעתיים",11/05/2021,32.07625197,34.81457136,32.076251972222224/34.814571361111106,"2, סירקין, שנקין, גבעתיים, נפת תל אביב, מחוז תל אביב, 53100, ישראל",Avishai Vaisman,dh.bgu.2022.1,
1636305653962.jpg,"חובת מדידת חום בכניסה
הכניסה מותרת רק עם מסכה
מקפידים על כללי ההיגיינה
נא לשמור מרחק 2 מטרים",,,,,woman_with_mask light  blond blue | hand_washing | distance blue | temp_check,Hebrew,printed,Square,paper|printer,מכולת שכונתית,"2021-11-05 - שנקין, גבעתיים",11/05/2021,32.07593917,34.81443403,32.07593916666667/34.81443402777777,"60, שיינקין, שנקין, גבעתיים, נפת תל אביב, מחוז תל אביב, 53100, ישראל",Avishai Vaisman,dh.bgu.2022.1,woman_with_mask_light_blond_blue.svg | hand_washing.svg | distance_blue.svg | temp_check.svg
1636305654004.jpg,חובה לעטות מסכה בכניסה לחנות,,,,חנות,,Hebrew,hand written,Square,"Thin cardboard
|marker pen",מכולת שכונתית,"2021-11-05 - שנקין, גבעתיים",11/05/2021,32.07624053,34.81431578,32.076240527777784/34.81431577777777,"1, סירקין, שנקין, גבעתיים, נפת תל אביב, מחוז תל אביב, 53100, ישראל",Avishai Vaisman,dh.bgu.2022.1,
1636305654043.jpg,"בימי הסגר המעצבן, אפשר להתקשר לשאלות, התלבטויות והתבכיינות 
נגה לולו
להתראות באהבה",,"בימי הסגר המעצבן,",להתראות באהבה,,heart white,Hebrew,hand written,Cursive,paper|marker pen,,"2021-11-05 - שנקין, גבעתיים",11/05/2021,32.07609175,34.81428144,32.07609175/34.81428144444444,"58, שיינקין, שנקין, גבעתיים, נפת תל אביב, מחוז תל אביב, 53100, ישראל",Avishai Vaisman,dh.bgu.2022.1,heart_white.svg
1636305654076.jpg,חלה חובה על עטיית מסכה בשטח המספרה.,,,.,מספרה,,Hebrew,printed,Square,paper|printer,מספרה,"2021-11-05 - שנקין, גבעתיים",11/05/2021,32.07579803,34.81378553,32.07579802777778/34.813785527777775,"50, שיינקין, שנקין, גבעתיים, נפת תל אביב, מחוז תל אביב, 53100, ישראל",Avishai Vaisman,dh.bgu.2022.1,
1636305654111.jpg,אין להכנס ללא מסכה,,,,,,Hebrew,hand written,Cursive,paper|marker pen,חנות כלבו ישנה,"2021-11-04 - שנקין, גבעתיים",11/04/2021,32.07545469,34.81334303,32.075454694444446/34.813343027777776,"גן אהרון, שיינקין, שנקין, גבעתיים, נפת תל אביב, מחוז תל אביב, 53100, ישראל",Avishai Vaisman,dh.bgu.2022.1,
IMG_20211024_124645.jpg,אין כניסה ללא מסיכה!!!,,,,,,Hebrew,printed,Square,paper|printer,מכולת,"24-10-2021 - בן גוריון, רמת גן",24/10/2021,32.084274,34.819297999999996,32.084274/34.819298,"62, קריניצי, בן גוריון, רמת גן, נפת תל אביב, מחוז תל אביב, 5255230, ישראל","Rotem Atzaba, Nadav Cannon",dh.bgu.2022.1,
IMG_20211024_124652.jpg,25.6.21 מהיום חובה לעטיית מסכה במקומות סגורים הנחיית משרד הבריאות תודה ובהבנה בריאותכם חשובה!,הנחיית משרד הבריאות|בריאותכם חשובה,,תודה ובהבנה בריאותכם חשובה!,מכולת,,Hebrew,hand written,Cursive,paper|marker pen,מכולת,"24-10-2021 - בן גוריון, רמת גן",24/10/2021,32.084232,34.81938197,32.084232/34.819381972222224,"62, קריניצי, בן גוריון, רמת גן, נפת תל אביב, מחוז תל אביב, 5255230, ישראל","Rotem Atzaba, Nadav Cannon",dh.bgu.2022.1,
IMG_20211025_114523.jpg,חובה לעטות מסכה בכניסה לחנות,,,,חנות,,Hebrew,printed,Square,paper|printer,חנות נעליים,"25-10-2021 - חשמונאים, רמת גן",25/10/2021,32.08461497,34.81292297,32.08461497222223/34.81292297222222,"59, ביאליק, חשמונאים, רמת גן, נפת תל אביב, מחוז תל אביב, 5250608, ישראל","Rotem Atzaba, Nadav Cannon",dh.bgu.2022.1,
IMG_20211108_191401_1.jpg,מסכה בבקשה שלט קביל בכפוף לתקנות התו הסגול,,,,חנות,,Hebrew,printed,Square,paper|printer,,"08-11-2021 - יהלום, רמת גן",08/11/2021,32.08385897,34.817512,32.083858972222224/34.817512,"2, נתן, יהלום, רמת גן, נפת תל אביב, מחוז תל אביב, 5325707, ישראל","Rotem Atzaba, Nadav Cannon",dh.bgu.2022.1,
IMG_20211114_113417.jpg,כיף לראות אתכם שימו מסכה בבקשה,,כיף לראות אתכם,,מכבסת בועות,,Hebrew,printed,Square,paper|printer,מכבסה,"14-11-2021 - בן גוריון, רמת גן",14/11/2021,32.08390397,34.818451,32.083903972222224/34.818451,"23, הרא""ה, בן גוריון, רמת גן, נפת תל אביב, מחוז תל אביב, 5325707, ישראל","Rotem Atzaba, Nadav Cannon",dh.bgu.2022.1,
IMG_6531.jpg,"עטיית המסכה במקום הינה חובה! תודה, צוות אסתריקה",,,"תודה, צוות אסתריקה",אסתריקה,,Hebrew,printed,Square,paper|printer,מסעדה,"23-10-2021 - תל אביב - יפו, הצפון הישן - החלק הצפוני",23/10/2021,32.08741389,34.78650556,32.08741388888889/34.78650555555556,"111, ז'בוטינסקי, תל אביב - יפו, הצפון הישן - החלק הצפוני, תל אביב-יפו, נפת תל אביב, מחוז תל אביב, 6296802, ישראל","Rotem Atzaba, Nadav Cannon",dh.bgu.2022.1,
IMG_6532.jpg,גולדה לקוחות יקרים הכניסה בהתאם להוראות משרד הבריאות ולמען בריאות כולנו חבישת מסכה שמירת מרחק בין אדם לאדם של 2 מטר לפחות חום גוף מתחת ל38 מעלות בשבוע האחרון אינך משתעל/ת לא היית במגע עם חולה קורונה בשבועיים האחרונים תודה על הסבלנות וההבנה,הוראות משרד הבריאות ולמען בריאות כולנו,לקוחות יקרים,תודה על הסבלנות וההבנה,גולדה,man_with_mask pink | distance | temp_check | cough | covid,Hebrew,printed,Square,paper|printer,גלידריה,"23-10-2021 - תל אביב - יפו, הצפון הישן - החלק הצפוני",23/10/2021,32.08717778,34.78664722,32.08717777777778/34.78664722222222,"110, ז'בוטינסקי, תל אביב - יפו, הצפון הישן - החלק הצפוני, תל אביב-יפו, נפת תל אביב, מחוז תל אביב, 6296802, ישראל","Rotem Atzaba, Nadav Cannon",dh.bgu.2022.1,man_with_mask_pink.svg | distance.svg | temp_check.svg | cough.svg | covid.svg
IMG_6533.jpg,הכניסה עם מסכה והצגת תו ירוק תודה,,,תודה,בר,,Hebrew,printed,Square,paper|printer,בר,"14-11-2021 - לב תל-אביב, תל אביב-יפו",14/11/2021,32.06369722,34.77388056,32.06369722222222/34.77388055555556,"יבנה, תל אביב - יפו, לב תל-אביב, תל אביב-יפו, נפת תל אביב, מחוז תל אביב, 6578103, ישראל","Rotem Atzaba, Nadav Cannon",dh.bgu.2022.1,
IMG_6536.jpg,אורחים יקרים מקום זה פתוח על פי מתווה התו הירוק נא להקפיד על עטיית מסכה להציג תעודת תו ירוק או תעודת מחלים נא להקפיד על שמירת מרחק 2 מטר,,אורחים יקרים,,אומאי,man_with_mask | green_pass | distance,Hebrew| English| Arabic,printed,Square,paper|printer,מסעדה,"23-10-2021 - לב תל-אביב, תל אביב-יפו",23/10/2021,32.06369722,34.77381944,32.06369722222222/34.77381944444444,"יבנה, תל אביב - יפו, לב תל-אביב, תל אביב-יפו, נפת תל אביב, מחוז תל אביב, 6578103, ישראל","Rotem Atzaba, Nadav Cannon",dh.bgu.2022.1,man_with_mask.svg | green_pass.svg | distance.svg
IMG_6537.jpg,נא לעטות מסיכה,,,,לג'נדה,mask white,Hebrew,printed,Square,paper|printer,גלידריה,"23-10-2021 - שד""ל, תל אביב - יפו",23/10/2021,32.06350833,34.774625,32.06350833333333/34.774625,"בית מתנאל, 6, שד""ל, תל אביב - יפו, לב תל-אביב, תל אביב-יפו, נפת תל אביב, מחוז תל אביב, 6578103, ישראל","Rotem Atzaba, Nadav Cannon",dh.bgu.2022.1,mask_white.svg
IMG_6639.jpg,חובה! לבישת מסכה המסכה צריכה להיות צמודה לפה ולאף ביחד ננצח את הקורונה,,,ביחד ננצח את הקורונה,חנות כושר,mask black,Hebrew,printed,Square,paper|printer,חנות,"03-11-2021 - רובע החדשנות באר שבע, שכונה ג",03/11/2021,31.261825,34.80721389,31.261825/34.80721388888889,"אולם הספורט ע""ש ג‘קלין אן איירטון, גשר מקסיקו, רובע החדשנות באר שבע, שכונה ג, באר שבע, נפת באר שבע, מחוז הדרום, 8452566, ישראל","Rotem Atzaba, Nadav Cannon",dh.bgu.2022.1,mask_black.svg
IMG_6654.jpg,אורחים/דיירים יקרים על פי הנחיות משרד הבריאות יש לעטות מסיכה בחללים סגורים אנא הקפידו על ההנחיות תודה על שיתוף הפעולה,על פי הנחיות משרד הבריאות,אורחים/דיירים יקרים,תודה על שיתוף הפעולה,עזריאלי,mask white,Hebrew,printed,Square,paper|printer,בניין עסקים/מגורים,"05-11-2021 - הרוקמים, אזור תעשייה ג",05/11/2021,32.00819444,34.80008056,32.00819444444444/34.80008055555555,"A, 26, הרוקמים, אזור תעשייה ג, חולון, נפת תל אביב, מחוז תל אביב, 58855, ישראל","Rotem Atzaba, Nadav Cannon",dh.bgu.2022.1,mask_white.svg
IMG_6658.jpg,הכניסה ללא מסכה אסורה תודה על ההבנה והסבלנות בריאות לכולנו,,,תודה על ההבנה והסבלנות בריאות לכולנו,פורטר אנד סאנס,rabbit brown | mask white,Hebrew,printed,cursive,paper|printer,מסעדה,"05-11-2021 - תל אביב - יפו, גני שרונה",05/11/2021,32.07044167,34.78430556,32.07044166666667/34.784305555555555,"BBB, הארבעה, תל אביב - יפו, גני שרונה, תל אביב-יפו, נפת תל אביב, מחוז תל אביב, 6473804, ישראל","Rotem Atzaba, Nadav Cannon",dh.bgu.2022.1,rabbit_brown.svg | mask_white.svg
IMG_6659.jpg,"עובד/מבקר יקר, חובה לעטות מסיכה על האף והפה בכניסה לבניין",,"עובד/מבקר יקר,",,,covid green | woman_with_mask medium brown white,Hebrew,printed,Square,paper|printer,,"05-11-2021 - שפרינצק, תל אביב - יפו",05/11/2021,32.07045278,34.78398889,32.07045277777778/34.783988888888885,"בית הספר עירוני א, 4, שפרינצק, תל אביב - יפו, גני שרונה, תל אביב-יפו, נפת תל אביב, מחוז תל אביב, 6473804, ישראל","Rotem Atzaba, Nadav Cannon",dh.bgu.2022.1,covid_green.svg | woman_with_mask_medium_brown_white.svg
IMG_6723.jpg,"היי, טוב שבאת מסכה זה מאסט תודה על ההתחשבות, צוות שופרא",,"היי, טוב שבאת","תודה על ההתחשבות, צוות שופרא",שופרא,woman_with_mask dark brown red | man_with_mask light brown red,Hebrew,printed,Square,paper|printer,חנות נעליים,"13-11-2021 - רובע ט', אשדוד",13/11/2021,31.77663333,34.66504722,31.776633333333333/34.66504722222222,"Adidas, דרך הרכבת, רובע ט', אשדוד, נפת אשקלון, מחוז הדרום, 7757403, ישראל","Rotem Atzaba, Nadav Cannon",dh.bgu.2022.1,woman_with_mask_dark_brown_red.svg | man_with_mask_light_brown_red.svg
IMG_6724.jpg,בחנות זו חובה לעטות מסכה!,,,,חנות,woman_with_mask red | man_with_mask red,Hebrew,printed,Square,paper|printer,חנות ציוד ספורט,"13-11-2021 - קריית פרס, אשדוד",13/11/2021,31.7767,34.66480278,31.776699999999998/34.66480277777778,"Carter's, דרך הרכבת, קריית פרס, אשדוד, נפת אשקלון, מחוז הדרום, 7757403, ישראל","Rotem Atzaba, Nadav Cannon",dh.bgu.2022.1,woman_with_mask_red.svg | man_with_mask_red.svg
IMG_6725.jpg,בחנות וז כמות הלקוחות המותרת הינה 22 השהות בחנות במסכה בלבד,,,,Golbary,woman_with_mask red | man_with_mask red,Hebrew,printed,Square,paper|printer|pen,חנות בגדים,"13-11-2021 - קריית פרס, אשדוד",13/11/2021,31.77671389,34.66458611,31.77671388888889/34.66458611111111,"קפה קפה, דרך הרכבת, קריית פרס, אשדוד, נפת אשקלון, מחוז הדרום, 7757403, ישראל","Rotem Atzaba, Nadav Cannon",dh.bgu.2022.1,woman_with_mask_red.svg | man_with_mask_red.svg
IMG_6726.jpg,הכניסה לסניף מותנית בחבישת מסיכה אשר מכסה את הפה ואת האף,,,,ביוטי קייר,,Hebrew,printed,Square,paper|printer,חנות איפור,"13-11-2021 - קריית פרס, אשדוד",13/11/2021,31.77677778,34.66449444,31.776777777777777/34.66449444444444,"קפה קפה, דרך הרכבת, קריית פרס, אשדוד, נפת אשקלון, מחוז הדרום, 7757403, ישראל","Rotem Atzaba, Nadav Cannon",dh.bgu.2022.1,
IMG_6728.jpg,"לקוחות יקרים, כדי לשמור על בריאותכם וגם על שלנו, בבקשה לחבוש מסיכה ולשמור על מרחק של 2 מטרים","כדי לשמור על בריאותיכם וגם על שלנו,","לקוחות יקרים,",,אורבניקה,heart red,Hebrew,printed,Square,paper|printer,חנות בגדים,"13-11-2021 - קריית פרס, אשדוד",13/11/2021,31.77681944,34.66433056,31.776819444444442/34.66433055555555,"סטימצקי, דרך הרכבת, קריית פרס, אשדוד, נפת אשקלון, מחוז הדרום, 7757403, ישראל","Rotem Atzaba, Nadav Cannon",dh.bgu.2022.1,heart_red.svg
IMG_6729.jpg,הכניסה לבית העסק מותרת רק עם מסיכה,,,,בוניטה דה מאס,mask white,Hebrew,printed,Square,paper|printer,חנות בגדים,"13-11-2021 - קריית פרס, אשדוד",13/11/2021,31.77621389,34.66498056,31.776213888888886/34.66498055555555,"Aldo, דרך הרכבת, קריית פרס, אשדוד, נפת אשקלון, מחוז הדרום, 7757403, ישראל","Rotem Atzaba, Nadav Cannon",dh.bgu.2022.1,mask_white.svg
IMG_6730.jpg,אין כניסה ללא עטיית מסכה,,,,,man_with_mask,Hebrew| English| Arabic,printed,Square,paper|printer,,"13-11-2021 - קריית פרס, אשדוד",13/11/2021,31.77620833,34.66493333,31.776208333333333/34.66493333333333,"The North Face, דרך הרכבת, קריית פרס, אשדוד, נפת אשקלון, מחוז הדרום, 7757403, ישראל","Rotem Atzaba, Nadav Cannon",dh.bgu.2022.1,man_with_mask.svg
IMG_6731.jpg,"לקוחות יקרים, בהתאם להנחיות משרד הבריאות הנכם מתבקשים לעטות מסכת פה ואף בזמן השהות במרחב הציבורי. רשת באג","בהתאם להנחיות משרד הבריאות,","לקוחות יקרים,",רשת באג,באג,man_with_mask ,Hebrew,printed,Square,paper|printer,חנות אלקטרוניקה,"13-11-2021 - קריית פרס, אשדוד",13/11/2021,31.77621944,34.66495,31.776219444444443/34.66495,"Aldo, דרך הרכבת, קריית פרס, אשדוד, נפת אשקלון, מחוז הדרום, 7757403, ישראל","Rotem Atzaba, Nadav Cannon",dh.bgu.2022.1,man_with_mask.svg
20211125_014429.jpg,"לקוחות יקרים, שמחים שבאתם! בהתאם להנחיות התו הסגול: הכניסה לחנות מותרת עם מסיכת פנים בלבד",בתאם להנחיות התו הסגול,"לקוחות יקרים,",תודה ובתאבון,,,HEBREW,PRINTED,SQUARE,paper|printer,חנות פיצה,25-11-2021 - רמות,25/11/2021,31.26403515,34.81052489,31.26403515/34.81052489166667,"התבונה, פארק ההי-טק גב-ים, רמות, באר שבע, נפת באר שבע, מחוז הדרום, 8452566, ישראל","Ahmad jabareen, francis shahen",dh.bgu.2022.1,
20211125_014455.jpg	,בריאותך חשובה לנו! יש לטטות מסיכה בעת הכניסה לקפיטיריה לא ייתן שירות ללקוח ללא מסיכה,,,,קפיטיריה,,Hebrew,printed,square,paper|printer,קפיטיריה,25-11-2021 - רמות,25/11/2021,31.26361058,34.81074492,31.263610580555557/34.810744916666664,"התבונה, פארק ההי-טק גב-ים, רמות, באר שבע, נפת באר שבע, מחוז הדרום, 8452566, ישראל","Ahmad jabareen, francis shahen",dh.bgu.2022.1,
20211125_014524.jpg	,הכניסה לבניין בעטיית פה ואף בלבד. יש לשמור מרחק 2 מטר,בהתאם להנחיות משרד הבריאות,,למען בריאותכם,,man_with_mask light black blue | man_with_mask light blond black,Hebrew,printed,square,paper|printer,,25-11-2021 - רמות,25/11/2021,31.26365129,34.810948100000005,31.263651294444443/34.81094810277777,"התבונה, פארק ההי-טק גב-ים, רמות, באר שבע, נפת באר שבע, מחוז הדרום, 8452566, ישראל","Ahmad jabareen, francis shahen",dh.bgu.2022.1,man_with_mask_light_black_blue.svg | man_with_mask_light_blond_black.svg
20211125_014603.jpg,"לקוחות יקרים, כדי לשמור על בריאותכם חובה על כולם לחבוש מסכה בכניסה לסניף",בהתאם להנחיות משרד הבריאות,"לקוחות יקרים,",תודה על הבנתכם,שופרסל,mask white | distance,Hebrew,printed,square,paper|printer,חנות,25-11-2021 - האנרגיה,25/11/2021,31.26349207,34.8113633,31.26349207222222/34.8113633,"גב-ים בניין 1, 77, האנרגיה, רובע החדשנות באר שבע, רמות, באר שבע, נפת באר שבע, מחוז הדרום, 8452566, ישראל","Ahmad jabareen, francis shahen",dh.bgu.2022.1,mask_white.svg | distance.svg
20211125_014735.jpg,לפי הנחיות התו הסגול: Please follow the below guidelines: breathing mask must be worn in public areas,בתאם להנחיות התו הסגול,,,,mask blue | distance blue | no_hand_shake | note blue,English|Hebrew,printed,square,paper|printer,,25-11-2021 - באר שבע,25/11/2021,31.26287107,34.81100512,31.26287107222222/34.811005124999994,"פארק ההי-טק גב-ים, רמות, באר שבע, נפת באר שבע, מחוז הדרום, 8452566, ישראל","Ahmad jabareen, francis shahen",dh.bgu.2022.1,mask_blue.svg | distance_blue.svg | no_hand_shake.svg | note_blue.svg
20211125_014752.jpg,יש לחבוש מסכת פנים ואף במרחב הציבורי,,,,,mask blue,Hebrew,printed,square,paper|printer,,25-11-2021 - האנרגיה,25/11/2021,31.26286319,34.81113749,31.26286318888889/34.81113748888889,"גב-ים בניין 1, 77, האנרגיה, רובע החדשנות באר שבע, רמות, באר שבע, נפת באר שבע, מחוז הדרום, 8452566, ישראל","Ahmad jabareen, francis shahen",dh.bgu.2022.1,mask_blue.svg
20211125_015743.jpg,"בתחנה הזאת נוהגים באחריות ומקפידים על: מרחק 2 מטר מאדם לאדם | עטיית מסכץ פה ואף | נמנעים מהתקהלות | במידה ואת/ה מאומת/ת לנגיף הקורונה, מחוייב/ת בבידוד או מגלה תסמינים, חל איסור לעלות על האוטובוס או לשהות בתחנה. שומרים על ההנחיות- שומרים על השגרה!",,,,תחנת אוטובוס,woman_with_mask pink | man_with_mask pink | distance,Hebrew,printed,square,paper|printer,תחנה,25-11-2021 - שכונה ד',25/11/2021,31.26404125,34.79018046,31.264041247222224/34.79018046388889,"בית ספר אורים/דוד המלך, דוד המלך, שכונה ד', שכונה ד, באר שבע, נפת באר שבע, מחוז הדרום, 8452566, ישראל","Ahmad jabareen, francis shahen",dh.bgu.2022.1,woman_with_mask_pink.svg | man_with_mask_pink.svg | distance.svg
20211125_020332.jpg,לקוחות יקרים. בכניסתך לחנות הנכם מתבקשים לקרב את המצח היד למכשיר לטובת מדידת חום הגוף. הכניסה לחנות מותרת עם חבישת מסיכה על האף והפה בלבד,,"לקוחות יקרים,",תודה!,חנות,,Hebrew,printed,square,paper|printer,סופר פארם,25-11-2021 - שכונה א,25/11/2021,31.25167722,34.78614102,31.251677219444446/34.78614101666666,"סופר-פארם, המשחררים, שכונה א, באר שבע, נפת באר שבע, מחוז הדרום, 8445318, ישראל","Ahmad jabareen, francis shahen",dh.bgu.2022.1,
20211125_021504.jpg,בעסק זה שומרים על ההנחיות1 ומונעים התרפות מחודשת,,,,עסק,,Hebrew,printed,square,paper|printer,מסעדה,25-11-2021 - העיר העתיקה,25/11/2021,31.23827938,34.791407799999995,31.238279375/34.791407799999995,"Panda Express, קרן קיימת לישראל, העיר העתיקה, באר שבע, נפת באר שבע, מחוז הדרום, 84210, ישראל","Ahmad jabareen, francis shahen",dh.bgu.2022.1,
20211125_020609.jpg,"בכניסה לסניף זה, חובה: עטיית מסכה, מדידת חום",,לקוחות נכבדים,,סניף,woman_with_mask | temp_check,Hebrew,printed,square,paper|printer,שוק,25-11-2021 - שכונה א,25/11/2021,31.25124966,34.78581454,31.251249655555554/34.78581454444444,"דרך המשחררים/דרך שמשון, המשחררים, שכונה א, באר שבע, נפת באר שבע, מחוז הדרום, 8445318, ישראל","Ahmad jabareen, francis shahen",dh.bgu.2022.1,woman_with_mask.svg | temp_check.svg
20211125_021150.jpg,הכניסה עם מסכה בלבד. נא לשמור מרחק 2 מטר האחד מהשני תודה,,,תודה,,,Hebrew,printed,square,paper|printer,חנות,25-11-2021 - באר שבע,25/11/2021,31.23745771,34.79254561,31.23745771388889/34.79254561388889,"דרך חברון, העיר העתיקה, באר שבע, נפת באר שבע, מחוז הדרום, 84210, ישראל","Ahmad jabareen, francis shahen",dh.bgu.2022.1,
20211125_021248.jpg,בעסק זה שומרים על ההנחיות1 ומונעים התרפות מחודשת,,,,עסק,woman_with_mask pink | man_with_mask pink | distance | soap,Hebrew,printed,square,paper|printer,מסעדה,25-11-2021 - העיר העתיקה,25/11/2021,31.23804542,34.79174375,31.238045419444447/34.791743749999995,"סן סיי סושי בר, קרן קיימת לישראל, העיר העתיקה, באר שבע, נפת באר שבע, מחוז הדרום, 84210, ישראל","Ahmad jabareen, francis shahen",dh.bgu.2022.1,woman_with_mask_pink.svg | man_with_mask_pink.svg | distance.svg | soap.svg
20211125_021305.jpg,חבישת מסכה חובה,,,,מסעדה,mask yellow ,Hebrew,printed,square,paper|printer,מסעדה,25-11-2021 - העיר העתיקה,25/11/2021,31.23804542,34.79174375,31.238045419444447/34.791743749999995,"סן סיי סושי בר, קרן קיימת לישראל, העיר העתיקה, באר שבע, נפת באר שבע, מחוז הדרום, 84210, ישראל","Ahmad jabareen, francis shahen",dh.bgu.2022.1,mask_yellow.svg
20211125_021329.jpg,כאן שומרים על הנחיות|חובה לבחוש מסכה|יש לשמור מרחק 2 מטר בן אדם לאדם| הכניסה מותרת ל4 אנשים בכל פעם|,,,,,,Hebrew,printed,square,paper|printer,,25-11-2021 - העיר העתיקה,25/11/2021,31.23804542,34.79174375,31.238045419444447/34.791743749999995,"סן סיי סושי בר, קרן קיימת לישראל, העיר העתיקה, באר שבע, נפת באר שבע, מחוז הדרום, 84210, ישראל","Ahmad jabareen, francis shahen",dh.bgu.2022.1,
20211125_021329.jpg,בעסק זה שומרים על ההנחיות1 ומונעים התרפות מחודשת,,,,עסק,woman_with_mask pink | man_with_mask pink | distance | soap,Hebrew,printed,square,paper|printer,מסעדה,25-11-2021 - העיר העתיקה,25/11/2021,31.23798496,31.23798496,31.237984955555557/34.79156614722222,"Panda Express, קרן קיימת לישראל, העיר העתיקה, באר שבע, נפת באר שבע, מחוז הדרום, 84210, ישראל","Ahmad jabareen, francis shahen",dh.bgu.2022.1,woman_with_mask_pink.svg | man_with_mask_pink.svg | distance.svg | soap.svg
20211125_021441.jpg,בעסק זה שומרים על ההנחיות1 ומונעים התרפות מחודשת,,,,עסק,woman_with_mask pink | man_with_mask pink | distance | soap,Hebrew,printed,square,paper|printer,מסעדה,25-11-2021 - העיר העתיקה,25/11/2021,31.23820589,34.79132035,31.238205894444445/34.791320352777774,"Panda Express, קרן קיימת לישראל, העיר העתיקה, באר שבע, נפת באר שבע, מחוז הדרום, 84210, ישראל","Ahmad jabareen, francis shahen",dh.bgu.2022.1,woman_with_mask_pink.svg | man_with_mask_pink.svg | distance.svg | soap.svg
20211125_020438.jpg,"בתחנה הזאת נוהגים באחריות ומקפידים על: מרחק 2 מטר מאדם לאדם | עטיית מסכץ פה ואף | נמנעים מהתקהלות | במידה ואת/ה מאומת/ת לנגיף הקורונה, מחוייב/ת בבידוד או מגלה תסמינים, חל איסור לעלות על האוטובוס או לשהות בתחנה. שומרים על ההנחיות- שומרים על השגרה!",שומרים על ההנחיות,,,תחנה,woman_with_mask pink | man_with_mask pink | distance,Hebrew,printed,square,paper|printer,תחנה,25-11-2021 - שכונה א,25/11/2021,31.25124676,34.78580357,31.25124676388889/34.785803574999996,"דרך המשחררים/דרך שמשון, המשחררים, שכונה א, באר שבע, נפת באר שבע, מחוז הדרום, 8445318, ישראל","Ahmad jabareen, francis shahen",dh.bgu.2022.1,woman_with_mask_pink.svg | man_with_mask_pink.svg | distance.svg
Photo 1.jpg,אנו הקפידו| 2מטרים|מסיכה|היגיינה|אוניבירסיטת בן גוריון,,,,אוניבירסיטה,mask | soap | distance,Hebrew,printed,square,paper|printer,אוניברסיטה,24-11-2021 - רובע החדשנות באר שבע,24/11/2021,31.26194814,34.80432004,31.261948136565024/34.804320037322135,"אוניברסיטת בן גוריון בנגב, פרופסור חיים חנני, רובע החדשנות באר שבע, שכונה ג, באר שבע, נפת באר שבע, מחוז הדרום, 8452566, ישראל","Ahmad jabareen, francis shahen",dh.bgu.2022.1,mask.svg | soap.svg | distance.svg
Photo 2.jpg,שימו לב! חובה לסרוק קוד QR| שימוש באפלקצית רמזור בעסקים| ...,,,,עסק,people_sitting,Hebrew,printer|handwritten,square,paper|handwritten|printer,,24-11-2021 - שכונה ד',24/11/2021,31.26456269,34.79354401,31.264562686658135/34.79354400520579,"מרכז גילת/אברהם אבינו, אברהם אבינו, שכונה ד', שכונה ד, באר שבע, נפת באר שבע, מחוז הדרום, 8452566, ישראל","Ahmad jabareen, francis shahen",dh.bgu.2022.1,people_sitting.svg
Photo 4.jpg,בחנות זאת מותרת שהייה של עד 8 אנשים| לקוחות יקרים על מנת להעניק לכם שירות בבטחה ולשמור על בריאותכם הצוות אנא השמעו להנחיות ונהלי משרד הבריאות,הנחיות ונהלי משרד הבריאות,לקוחות יקרים,תודה על סבלנותכם ושיתוף הפעולה למען עתיד בריא יותר,,hand_washing black | temp_check red | man_with_mask red | distance,Hebrew,printer|handwritten,square,paper|handwritten|printer,חנות נעליים,19-09-2021 - الناصرة [נצרת],19/09/2021,32.69616614,35.30117512,32.696166137300786/35.30117511749234,"مركز تجاري كبير, דרך הציונות, الناصرة, נפת יזרעאל, מחוז הצפון, 16161, ישראל","Ahmad jabareen, francis shahen",dh.bgu.2022.1,hand_washing_black.svg | temp_check_red.svg | man_with_mask_red.svg | distance.svg
IMG-5312.jpg,לקוחות יקרים הקפידו על עטיית מסיכה,,לקוחות יקרים,,עסק,mask blue | 2m,Hebrew,printed,square,paper|printer,מסעדה,"25-11-2021 - שכונה צפונית, חריש",25/11/2021,32.47110833,35.03943889,32.47110833333333/35.03943888888889,"קניון מור, דרך ארץ, שכונה צפונית, חריש, נפת חדרה, מחוז חיפה, ישראל","Yosef Mowassi , Moataz Jabareen",dh.bgu.2022.1,mask_blue.svg | 2m.svg
IMG-5313.jpg,הכניסה לחנות מותרת עם חבישת מסיכה על האף והפה בלבד ,,לקוחות יקרים,תודה!,עסק,,Hebrew,printed,square,paper|printer,סופר פארם,"25-11-2021 - שכונה צפונית, חריש",25/11/2021,32.47111944,35.03947778,32.47111944444445/35.039477777777776,"קניון מור, דרך ארץ, שכונה צפונית, חריש, נפת חדרה, מחוז חיפה, ישראל","Yosef Mowassi , Moataz Jabareen",dh.bgu.2022.1,
IMG-5314.jpg,חבישת מסכה חובה!,,,,עסק,man_with_mask yellow,Hebrew,printed,square,paper|printer,חנות בגדים,"25-11-2021 - שכונה צפונית, חריש",25/11/2021,32.47106111,35.03926111,32.47106111111111/35.03926111111111,"קניון מור, דרך ארץ, שכונה צפונית, חריש, נפת חדרה, מחוז חיפה, ישראל","Yosef Mowassi , Moataz Jabareen",dh.bgu.2022.1,man_with_mask_yellow.svg
IMG-5315.jpg,חובה לעטות מסיכת פה ואף ,שומרים על הבריאות,לקוחות יקרים,תודה על שיתוף הפעולה,עסק,mask white,Hebrew,printed,square,paper|printer,חנות בגדים,"25-11-2021 - שכונה צפונית, חריש",25/11/2021,32.47072222,35.03892778,32.47072222222222/35.03892777777778,"קניון מור, דרך ארץ, שכונה צפונית, חריש, נפת חדרה, מחוז חיפה, ישראל","Yosef Mowassi , Moataz Jabareen",dh.bgu.2022.1,mask_white.svg
MG-5316.jpg,הכניסה לחנות עם מסיכה !,,,,עסק,,Hebrew,handwritten,square,paper|handwritten,בית קפה,"25-11-2021 - שכונה צפונית, חריש",25/11/2021,32.47054722,35.03863611,32.47054722222222/35.03863611111111,"קניון מור, דרך ארץ, שכונה צפונית, חריש, נפת חדרה, מחוז חיפה, ישראל","Yosef Mowassi , Moataz Jabareen",dh.bgu.2022.1,
IMG-5317.jpg,חלה חובת עטיית מסכות בחנות,בהתאם להנחיות משרד הבריאות,לקוחות יקרים,תודה,עסק,,Hebrew,printed,square,paper|printer,חנות בגדים,"25-11-2021 - שכונה צפונית, חריש",25/11/2021,32.47054167,35.03859722,32.47054166666667/35.03859722222222,"קניון מור, דרך ארץ, שכונה צפונית, חריש, נפת חדרה, מחוז חיפה, ישראל","Yosef Mowassi , Moataz Jabareen",dh.bgu.2022.1,
IMG-5318.jpg,חובה לעטות מסכת פה ואף,,,,עסק,man_with_mask light brown blue | distance blue | hand_washing | temp_check,Hebrew,printed,square,paper|printer,חנות משקאות חריפות,"25-11-2021 - שכונה צפונית, חריש",25/11/2021,32.47040556,35.03845556,32.47040555555556/35.03845555555555,"קניון מור, דרך ארץ, שכונה צפונית, חריש, נפת חדרה, מחוז חיפה, ישראל","Yosef Mowassi , Moataz Jabareen",dh.bgu.2022.1,man_with_mask_light_brown_blue.svg | distance_blue.svg | hand_washing.svg | temp_check.svg
IMG-5319.jpg,עטיית מסכה חובה! בכניסה למסעדה,,,,עסק,,Hebrew,handwritten,square,paper|handwritten,מסעדה,"25-11-2021 - שכונה צפונית, חריש",25/11/2021,32.47035278,35.03844722,32.47035277777778/35.03844722222222,"קניון מור, דרך ארץ, שכונה צפונית, חריש, נפת חדרה, מחוז חיפה, ישראל","Yosef Mowassi , Moataz Jabareen",dh.bgu.2022.1,
IMG-5320.jpg,חובת עטיית מסיכות בחנויות !,בהתאם להנחיות משרד הבריאות,לקוחות יקרים,,עסק,woman_with_mask yellow | distance,Hebrew,printed,square,paper|printer,מחסני תאורה,"25-11-2021 - מחוז חיפה, 3884500",25/11/2021,32.41371111,35.029275,32.41371111111111/35.029275,"باقة الغربية, נפת חדרה, מחוז חיפה, 3884500, ישראל","Yosef Mowassi , Moataz Jabareen",dh.bgu.2022.1,woman_with_mask_yellow.svg | distance.svg
IMG-5321.jpg,הכניסה מותנת עם עטית מסכה בלבד,,,,עסק,,Hebrew,printed,square,paper|printer,מחסני תאורה,"25-11-2021 - מחוז חיפה, 3884500",25/11/2021,32.41373056,35.029275,32.41373055555555/35.029275,"باقة الغربية, נפת חדרה, מחוז חיפה, 3884500, ישראל","Yosef Mowassi , Moataz Jabareen",dh.bgu.2022.1,
IMG-5322.jpg,הכניסה ללא מסיכה אסורה,,,,עסק,man_with_mask light white white,Hebrew,printed,square,paper|printer,KFC,"25-11-2021 - מחוז חיפה, 3884500",25/11/2021,32.41331111,35.02934722,32.413311111111106/35.02934722222222,"باقة الغربية, נפת חדרה, מחוז חיפה, 3884500, ישראל","Yosef Mowassi , Moataz Jabareen",dh.bgu.2022.1,man_with_mask_light_white_white.svg
IMG-5323.jpg,בעת הכניסה למקום חובה להציג אישור 'תו ירוק,,,,עסק,,Hebrew,printed,square,paper|printer,KFC,"25-11-2021 - מחוז חיפה, 3884500",25/11/2021,32.41328889,35.02912778,32.413288888888886/35.029127777777774,"باقة الغربية, נפת חדרה, מחוז חיפה, 3884500, ישראל","Yosef Mowassi , Moataz Jabareen",dh.bgu.2022.1,
IMG-5327.jpg,יש להכנס לבית הקפה רק עם מסיכה,אנו מבקשים מכם להישמע להוראות משרד הבריאות,לקוחות יקרים,,עסק,mask white | mask blue | distance |soap |gloves,Hebrew,printed,square,paper|printer,greg,"25-11-2021 - מחוז חיפה, 3884500",25/11/2021,32.41368611,35.02879722,32.41368611111111/35.028797222222224,"باقة الغربية, נפת חדרה, מחוז חיפה, 3884500, ישראל","Yosef Mowassi , Moataz Jabareen",dh.bgu.2022.1,mask_white.svg | mask_blue.svg | distance.svg | soap.svg | gloves.svg
IMG-5328.jpg,חובשים מסכה,,לקוחות יקרים,,עסק,distance | people | hand_washing | temp_check | covid white ,Hebrew,printed,square,paper|printer,חנות בגדים,"25-11-2021 - מחוז חיפה, 3884500",25/11/2021,32.41368889,35.02910278,32.413688888888885/35.02910277777778,"باقة الغربية, נפת חדרה, מחוז חיפה, 3884500, ישראל","Yosef Mowassi , Moataz Jabareen",dh.bgu.2022.1,distance.svg | people.svg | hand_washing.svg | temp_check.svg | covid_white.svg
IMG-5329.jpg,חובה לעטות מסכה פה ואף בכל יציאה מהבית,הנחיות משרד הבריאות,,,עסק,man_with_mask light brown white | hand_washing |distance,Hebrew,printed,square,paper|printer,חנות משקפיים,"25-11-2021 - מחוז חיפה, 3884500",25/11/2021,32.41346667,35.02914722,32.413466666666665/35.02914722222222,"باقة الغربية, נפת חדרה, מחוז חיפה, 3884500, ישראל","Yosef Mowassi , Moataz Jabareen",dh.bgu.2022.1,man_with_mask_light_brown_white.svg | hand_washing.svg | distance.svg
IMG-5330.jpg,חובה לעטות מסכה בחנות,בהתאם להנחיות משרד הבריאות,לקוחות יקרים,,עסק,boy_with_mask blue |  distance green | mask green,Hebrew,printed,square,paper|printer,עידן 2000,"25-11-2021 - אפריים, חדרה",25/11/2021,32.4413,34.93076667,32.4413/34.93076666666666,"גוד נייט, צה""ל, אפריים, חדרה, נפת חדרה, מחוז חיפה, 38361, ישראל","Yosef Mowassi , Moataz Jabareen",dh.bgu.2022.1,boy_with_mask_blue.svg | distance_green.svg | mask_green.svg
IMG-5331.jpg,עטיית מסכה חובה,על פי הנחיות משרד הבריאות,,,עסק,mask black,Hebrew,printed,square,paper|printer,עמינח,"25-11-2021 - אפריים, חדרה",25/11/2021,32.44113889,34.93078333,32.44113888888889/34.93078333333333,"גוד נייט, צה""ל, אפריים, חדרה, נפת חדרה, מחוז חיפה, 38361, ישראל","Yosef Mowassi , Moataz Jabareen",dh.bgu.2022.1,mask_black.svg
IMG-5332.jpg,חובה לחבוש מסכה בשטח החנות ,,לקוחות יקרים,,עסק,,Hebrew,printed,square,paper|printer,,"25-11-2021 - אפריים, חדרה",25/11/2021,32.44098611,34.93090556,32.44098611111111/34.930905555555555,"גוד נייט, צה""ל, אפריים, חדרה, נפת חדרה, מחוז חיפה, 38361, ישראל","Yosef Mowassi , Moataz Jabareen",dh.bgu.2022.1,
IMG-5333.jpg,"יש לעטות מסיכה בכל עת, לא יינתן שירותלמי שאינו עוטה מסיכה ",בהתאם להנחיות משרד הבריאות,לקוחות יקרים,,עסק,,Hebrew,printed,square,paper|printer,,"25-11-2021 - צה""ל, אפריים",25/11/2021,32.44082222,34.93111111,32.44082222222222/34.93111111111111,"Cliff, 35, צה""ל, אפריים, חדרה, נפת חדרה, מחוז חיפה, 38361, ישראל","Yosef Mowassi , Moataz Jabareen",dh.bgu.2022.1,
IMG-5334.jpg,נא להקפיד על עטיית מסיכה,"מקום זה פתוח עפ""י מתווה התו הירוק",אורחים יקרים,,עסק,man_with_mask  blue | distance | green_pass,Hebrew,printed,square,paper|printer,Aldo,"25-11-2021 - צה""ל, אפריים",25/11/2021,32.44080278,34.93116389,32.440802777777776/34.93116388888889,"Cliff, 35, צה""ל, אפריים, חדרה, נפת חדרה, מחוז חיפה, 38361, ישראל","Yosef Mowassi , Moataz Jabareen",dh.bgu.2022.1,man_with_mask_blue.svg | distance.svg | green_pass.svg
IMG-5335.jpg,הכניסה ללא מסכה אסורה,,,,עסק,,Hebrew,handwritten,square,paper|handwritten,Sushi bar,"25-11-2021 - צה""ל, אפריים",25/11/2021,32.44052778,34.93101389,32.440527777777774/34.931013888888884,"Cliff, 35, צה""ל, אפריים, חדרה, נפת חדרה, מחוז חיפה, 38361, ישראל","Yosef Mowassi , Moataz Jabareen",dh.bgu.2022.1,
IMG-5336.jpg,נא לעטות מסיכה,,לקוחות יקרים,תודה ורק בריאות,עסק,mask white,Hebrew,printed,square,paper|printer,ארומה,"25-11-2021 - צה""ל, אפריים",25/11/2021,32.44045556,34.93099722,32.44045555555555/34.93099722222222,"Cliff, 35, צה""ל, אפריים, חדרה, נפת חדרה, מחוז חיפה, 38361, ישראל","Yosef Mowassi , Moataz Jabareen",dh.bgu.2022.1,mask_white.svg
IMG-3764.jpg,בחנות זו חובה לעטות מסכה!,,,,עסק,man_with_mask red | woman_with_mask red,Hebrew,printed,square,paper|printer,honigman,"25-11-2021 - אזור התעשייה באר שבע, באר שבע",25/11/2021,31.24261389,34.81047778,31.24261388888889/34.81047777777778,"הוניגמן, אליהו נאוי, אזור התעשייה באר שבע, באר שבע, נפת באר שבע, מחוז הדרום, 8441410, ישראל",mohamed hallumi,dh.bgu.2022.1,man_with_mask_red.svg | woman_with_mask_red.svg
IMG-3767.jpg,חובה עטיית מסיכה בשטח החנות,,,,עסק,mask blue,Hebrew,printed,square,paper|printer,erocca,"25-11-2021 - אזור התעשייה באר שבע, באר שבע",25/11/2021,31.24246667,34.81090278,31.24246666666667/34.81090277777778,"אירוקה, שדרות חיל הנדסה, אזור התעשייה באר שבע, באר שבע, נפת באר שבע, מחוז הדרום, 8441410, ישראל",mohamed hallumi,dh.bgu.2022.1,mask_blue.svg
IMG-3768.jpg,יש לעטות מסיכות במרחב החנות ,בהתאם להנחיות משרד הבריאות,לקוחות יקרים,,עסק,,Hebrew,printed,square,paper|printer,jump&ONOT,"25-11-2021 - אזור התעשייה באר שבע, באר שבע",25/11/2021,31.24250278,34.810825,31.24250277777778/34.810824999999994,"עונות, שדרות חיל הנדסה, אזור התעשייה באר שבע, באר שבע, נפת באר שבע, מחוז הדרום, 8441410, ישראל",mohamed hallumi,dh.bgu.2022.1,
IMG-3771.jpg,יש לחבוש מסכה ולשמור על מרחק 2 מטרים ,כדי לשמור על בריאותכם וגם על שלנו,לקוחות יקרים,תודה על שיתוף הפעולה,עסק,heart red,Hebrew,printed,square,paper|printer,CAROLINA LEMKE,"25-11-2021 - אזור התעשייה באר שבע, באר שבע",25/11/2021,31.24264444,34.81064722,31.242644444444444/34.81064722222222,"סלקום, אליהו נאוי, אזור התעשייה באר שבע, באר שבע, נפת באר שבע, מחוז הדרום, 8441410, ישראל",mohamed hallumi,dh.bgu.2022.1,heart_red.svg
IMG-3773.jpg,בבקשה לעטות מסיכה ולשמור על מרחק של 2 מטרים,כדי לשמור על בריאותכם וגם על שלנו,לקוחות יקרים,,עסק,heart blue,Hebrew,printed,square,paper|printer,TOPTEN,"25-11-2021 - אזור התעשייה באר שבע, באר שבע",25/11/2021,31.24266944,34.81073056,31.242669444444445/34.81073055555555,"סלקום, אליהו נאוי, אזור התעשייה באר שבע, באר שבע, נפת באר שבע, מחוז הדרום, 8441410, ישראל",mohamed hallumi,dh.bgu.2022.1,heart_blue.svg
IMG-3785.jpg,חובה לעטות מסיכות בחניות! לא תותר כניסה לחנות ללא מסיכה נא להקפיד על שמירת מרחק 2 מטרים בין אדם לאדם בשטח החנות,מסיכה מצילה חיים - ומונעת הדבקה!,לקוחות יקרים,בריאות לכולם,עסק,woman_with_mask yellow | distance,Hebrew,printed,square,paper|printer,מחסני תאורה,"25-11-2021 - ביג באר שבע, אזור התעשייה באר שבע",25/11/2021,31.24166389,34.81103056,31.24166388888889/34.811030555555554,"לחם ארז, שדרות חיל הנדסה, ביג באר שבע, אזור התעשייה באר שבע, באר שבע, נפת באר שבע, מחוז הדרום, 8441410, ישראל",mohamed hallumi,dh.bgu.2022.1,woman_with_mask_yellow.svg | distance.svg
IMG-3787.jpg,הכניסה מותרת עם עטיית מסכה בלבד,,,,עסק,,Hebrew,printed,square,paper|printer,לחם ארז,"25-11-2021 - ביג באר שבע, אזור התעשייה באר שבע",25/11/2021,31.24164722,34.81103889,31.241647222222223/34.81103888888889,"לחם ארז, שדרות חיל הנדסה, ביג באר שבע, אזור התעשייה באר שבע, באר שבע, נפת באר שבע, מחוז הדרום, 8441410, ישראל",mohamed hallumi,dh.bgu.2022.1,
IMG-3799.jpg,הכניסה ללא מסכה אסורה!,,,יחד נלחמים בנגיף הקורונה,עסק,mask white,Hebrew,printed,square,paper|printer,גלי,"25-11-2021 - אזור התעשייה באר שבע, באר שבע",25/11/2021,31.24252778,34.81191944,31.242527777777777/34.81191944444444,"גלי, שדרות חיל הנדסה, אזור התעשייה באר שבע, באר שבע, נפת באר שבע, מחוז הדרום, 8441410, ישראל",mohamed hallumi,dh.bgu.2022.1,mask_white.svg
IMG-3800 (1).jpg,חובה עטיית מסיכה בחנות זו לא תתאפשר כניסה ללא מסיכה על האף והפה,,,,עסק,man_with_mask white,Hebrew,printed,square,paper|printer,טאוור רקורדס,"25-11-2021 - אזור התעשייה באר שבע, באר שבע",25/11/2021,31.24264167,34.81186944,31.242641666666668/34.81186944444444,"טאוור רקורדס, שדרות חיל הנדסה, אזור התעשייה באר שבע, באר שבע, נפת באר שבע, מחוז הדרום, 8441410, ישראל",mohamed hallumi,dh.bgu.2022.1,man_with_mask_white.svg
IMG-3803.jpg,עטיית מסכה חובה ,על פי הנחיות משרד הבריאות,,,עסק,mask blue,Hebrew,printed,square,paper|printer,עמינח,"25-11-2021 - אזור התעשייה באר שבע, באר שבע",25/11/2021,31.24438333,34.81259444,31.244383333333335/34.81259444444444,"עמינח סנטר, שדרות חיל הנדסה, אזור התעשייה באר שבע, באר שבע, נפת באר שבע, מחוז הדרום, 8441410, ישראל",mohamed hallumi,dh.bgu.2022.1,mask_blue.svg
IMG-3805.jpg,עטיית מסכה חובה ,על פי הנחיות משרד הבריאות,,,עסק,mask white,Hebrew,printed,square,paper|printer,American comfort,"25-11-2021 - אזור התעשייה באר שבע, באר שבע",26/11/2021,31.24446944,34.81251944,31.244469444444444/34.81251944444444,"sakal outlet, שדרות חיל הנדסה, אזור התעשייה באר שבע, באר שבע, נפת באר שבע, מחוז הדרום, 8441410, ישראל",mohamed hallumi,dh.bgu.2022.1,mask_white.svg
IMG_20211121_194033.jpg,חובה לחבוש מסיכה,,,,עסק,,Hebrew,printed,square,paper|printer,,"21-11-2021 - גבעת רמב""ם, גבעתיים",21/11/2021,32.066492,34.810738,32.066492/34.810738,"קניון גבעתיים, יצחק רבין, גבעת רמב""ם, גבעתיים, נפת תל אביב, מחוז תל אביב, 53100, ישראל",sagi dahan danielle duek,dh.bgu.2022.1,
IMG_20211121_194048.jpg,הקפידי בבקשה לחבוש מסכת פה ואף,,,,עסק,,Hebrew,printed,square,paper|printer,,"21-11-2021 - גבעת רמב""ם, גבעתיים",21/11/2021,32.066492,34.810738,32.066492/34.810738,"קניון גבעתיים, יצחק רבין, גבעת רמב""ם, גבעתיים, נפת תל אביב, מחוז תל אביב, 53100, ישראל",sagi dahan danielle duek,dh.bgu.2022.1,
IMG_20211121_194106.jpg,חובה לחבוש מסיכה בכניסה ובעת השהייה בחנות,,,,עסק,,Hebrew,printed,square,paper|printer,,"21-11-2021 - גבעת רמב""ם, גבעתיים",21/11/2021,32.06669,34.809975,32.06669/34.809975,"קניון גבעתיים, יצחק רבין, גבעת רמב""ם, גבעתיים, נפת תל אביב, מחוז תל אביב, 53100, ישראל",sagi dahan danielle duek,dh.bgu.2022.1,
IMG_20211121_194121.jpg,מסיכה זה מאסט,,,,עסק,,Hebrew,printed,square,paper|printer,,"21-11-2021 - גבעת רמב""ם, גבעתיים",21/11/2021,32.06669,34.809975,32.06669/34.809975,"קניון גבעתיים, יצחק רבין, גבעת רמב""ם, גבעתיים, נפת תל אביב, מחוז תל אביב, 53100, ישראל",sagi dahan danielle duek,dh.bgu.2022.1,
IMG_20211121_194151.jpg,עטיית מסכה חובה,,,,עסק,,Hebrew,printed,square,paper|printer,,"21-11-2021 - גבעת רמב""ם, גבעתיים",21/11/2021,32.06669,34.809975,32.06669/34.809975,"קניון גבעתיים, יצחק רבין, גבעת רמב""ם, גבעתיים, נפת תל אביב, מחוז תל אביב, 53100, ישראל",sagi dahan danielle duek,dh.bgu.2022.1,
IMG_20211121_194201.jpg,חובה לעטות מסיכת פה ואף,,,,עסק,,Hebrew,printed,square,paper|printer,,"21-11-2021 - גבעת רמב""ם, גבעתיים",21/11/2021,32.06669,34.809975,32.06669/34.809975,"קניון גבעתיים, יצחק רבין, גבעת רמב""ם, גבעתיים, נפת תל אביב, מחוז תל אביב, 53100, ישראל",sagi dahan danielle duek,dh.bgu.2022.1,
IMG_20211121_194223.jpg,יש לעטות מסיכת אף ופה אנא שימרו על מרחק של 2 מטרים מאורחים אחרם הימנעו מלחיצת יד או מגע,,,,עסק,,Hebrew,printed,square,paper|printer,,"21-11-2021 - גבעת רמב""ם, גבעתיים",21/11/2021,32.06669,34.809975,32.06669/34.809975,"קניון גבעתיים, יצחק רבין, גבעת רמב""ם, גבעתיים, נפת תל אביב, מחוז תל אביב, 53100, ישראל",sagi dahan danielle duek,dh.bgu.2022.1,
IMG_20211121_194238.jpg,כניסה לחנות תתאפשר לחוביש מסיכה בלבד,,,,עסק,,Hebrew,printed,square,paper|printer,,"21-11-2021 - גבעת רמב""ם, גבעתיים",21/11/2021,32.06669,34.809975,32.06669/34.809975,"קניון גבעתיים, יצחק רבין, גבעת רמב""ם, גבעתיים, נפת תל אביב, מחוז תל אביב, 53100, ישראל",sagi dahan danielle duek,dh.bgu.2022.1,
IMG_20211121_194246.jpg,חובה לחבוש מסיכה,,,,עסק,,Hebrew,printed,square,paper|printer,,"21-11-2021 - גבעת רמב""ם, גבעתיים",21/11/2021,32.06669,34.809975,32.06669/34.809975,"קניון גבעתיים, יצחק רבין, גבעת רמב""ם, גבעתיים, נפת תל אביב, מחוז תל אביב, 53100, ישראל",sagi dahan danielle duek,dh.bgu.2022.1,
IMG_20211121_194251.jpg,חובה לחבוש מסיכה,,,,עסק,,Hebrew,printed,square,paper|printer,,"21-11-2021 - גבעת רמב""ם, גבעתיים",21/11/2021,32.06669,34.809975,32.06669/34.809975,"קניון גבעתיים, יצחק רבין, גבעת רמב""ם, גבעתיים, נפת תל אביב, מחוז תל אביב, 53100, ישראל",sagi dahan danielle duek,dh.bgu.2022.1,
IMG_20211121_194313.jpg,"יש לשמור על מרחק 2 מטרים אחד מהשנייה, הכניסה מותנית בחבישת מסיכה ",,,,עסק,,Hebrew,printed,square,paper|printer,,"21-11-2021 - גבעת רמב""ם, גבעתיים",21/11/2021,32.06669,34.809975,32.06669/34.809975,"קניון גבעתיים, יצחק רבין, גבעת רמב""ם, גבעתיים, נפת תל אביב, מחוז תל אביב, 53100, ישראל",sagi dahan danielle duek,dh.bgu.2022.1,
IMG_20211121_194321.jpg,בבקשה לעטות מסיכה ולשמור על מרחק של 2 מטרים,,,,עסק,,Hebrew,printed,square,paper|printer,,"21-11-2021 - גבעת רמב""ם, גבעתיים",21/11/2021,32.06669,34.809975,32.06669/34.809975,"קניון גבעתיים, יצחק רבין, גבעת רמב""ם, גבעתיים, נפת תל אביב, מחוז תל אביב, 53100, ישראל",sagi dahan danielle duek,dh.bgu.2022.1,
IMG_20211121_203851.jpg,חובה לעטות מסיכת פה ואף,,,,עסק,,Hebrew,printed,square,paper|printer,,"21-11-2021 - גבעת רמב""ם, גבעתיים",21/11/2021,32.066777,34.809215,32.066777/34.809215,"קניון גבעתיים, יצחק רבין, גבעת רמב""ם, גבעתיים, נפת תל אביב, מחוז תל אביב, 53100, ישראל",sagi dahan danielle duek,dh.bgu.2022.1,
IMG_20211121_203903.jpg,הכניסה לבית העסק מותרת רק עם מסכה,,,,עסק,,Hebrew,printed,square,paper|printer,,"21-11-2021 - גבעת רמב""ם, גבעתיים",21/11/2021,32.066777,34.809215,32.066777/34.809215,"קניון גבעתיים, יצחק רבין, גבעת רמב""ם, גבעתיים, נפת תל אביב, מחוז תל אביב, 53100, ישראל",sagi dahan danielle duek,dh.bgu.2022.1,
IMG_20211121_203918.jpg,חובה לחבוש מסכה במהלך הביקור בקניון,,,,עסק,,Hebrew,printed,square,paper|printer,,"21-11-2021 - גבעת רמב""ם, גבעתיים",21/11/2021,32.066777,34.809215,32.066777/34.809215,"קניון גבעתיים, יצחק רבין, גבעת רמב""ם, גבעתיים, נפת תל אביב, מחוז תל אביב, 53100, ישראל",sagi dahan danielle duek,dh.bgu.2022.1,
IMG_20211121_203944.jpg,חובה לעטות מסיכת פנים ואף בכניסה לחנות,,,,עסק,,Hebrew,printed,square,paper|printer,,"21-11-2021 - גבעת רמב""ם, גבעתיים",21/11/2021,32.066777,34.809215,32.066777/34.809215,"קניון גבעתיים, יצחק רבין, גבעת רמב""ם, גבעתיים, נפת תל אביב, מחוז תל אביב, 53100, ישראל",sagi dahan danielle duek,dh.bgu.2022.1,
IMG_20211121_203953.jpg,הנכם מתבקשים לעטות מסכה ולשמור מרחק של 2 מטרים לפחות בין אנשים לרבות בתור לקופה,,,,עסק,,Hebrew,printed,square,paper|printer,,"21-11-2021 - גבעת רמב""ם, גבעתיים",21/11/2021,32.066777,34.809215,32.066777/34.809215,"קניון גבעתיים, יצחק רבין, גבעת רמב""ם, גבעתיים, נפת תל אביב, מחוז תל אביב, 53100, ישראל",sagi dahan danielle duek,dh.bgu.2022.1,
IMG_20211121_204016.jpg,הכניסה ללא מסיכה אסורה!,,,,עסק,,Hebrew,printed,square,paper|printer,,"21-11-2021 - גבעת רמב""ם, גבעתיים",21/11/2021,32.066777,34.809215,32.066777/34.809215,"קניון גבעתיים, יצחק רבין, גבעת רמב""ם, גבעתיים, נפת תל אביב, מחוז תל אביב, 53100, ישראל",sagi dahan danielle duek,dh.bgu.2022.1,
IMG_20211121_204034.jpg,חבישת מסכה חובה,,,,עסק,,Hebrew,printed,square,paper|printer,,"21-11-2021 - גבעת רמב""ם, גבעתיים",21/11/2021,32.066777,34.809215,32.066777/34.809215,"קניון גבעתיים, יצחק רבין, גבעת רמב""ם, גבעתיים, נפת תל אביב, מחוז תל אביב, 53100, ישראל",sagi dahan danielle duek,dh.bgu.2022.1,
IMG_20211121_204042.jpg,אין כניסה ללא עטיית מסיכה,,,,עסק,,Hebrew,printed,square,paper|printer,,"21-11-2021 - גבעת רמב""ם, גבעתיים",21/11/2021,32.066777,34.809215,32.066777/34.809215,"קניון גבעתיים, יצחק רבין, גבעת רמב""ם, גבעתיים, נפת תל אביב, מחוז תל אביב, 53100, ישראל",sagi dahan danielle duek,dh.bgu.2022.1,
IMG_20211121_204058.jpg,אנא הקפידו על עטיית מסיכה בזמן השהות בחנות ,,,,עסק,,Hebrew,printed,square,paper|printer,,"21-11-2021 - גבעת רמב""ם, גבעתיים",21/11/2021,32.066777,34.809215,32.066777/34.809215,"קניון גבעתיים, יצחק רבין, גבעת רמב""ם, גבעתיים, נפת תל אביב, מחוז תל אביב, 53100, ישראל",sagi dahan danielle duek,dh.bgu.2022.1,
IMG_20211121_204132.jpg,חובה לחבוש מסכות,,,,עסק,,Hebrew,printed,square,paper|printer,,"21-11-2021 - גבעת רמב""ם, גבעתיים",21/11/2021,32.066777,34.809215,32.066777/34.809215,"קניון גבעתיים, יצחק רבין, גבעת רמב""ם, גבעתיים, נפת תל אביב, מחוז תל אביב, 53100, ישראל",sagi dahan danielle duek,dh.bgu.2022.1,
IMG-0514.jpg,אנא הקפידו 2 מטרים מסיכה היגיינה,,,,אוניברסיטת בן גוריון,mask | soap | distance,Hebrew,printed,square,paper|printer,אוניברסיטת בן גוריון,"28-11-2021 - רובע החדשנות באר שבע, שכונה ג",28/11/2021,31.26191944,34.80108611,31.261919444444445/34.80108611111111,"אוניברסיטת בן גוריון בנגב, פרופסור חיים חנני, רובע החדשנות באר שבע, שכונה ג, באר שבע, נפת באר שבע, מחוז הדרום, 8452566, ישראל",Amit Steiner,dh.bgu.2022.1,mask.svg | soap.svg | distance.svg
IMG-0515.jpg,הכניסה ללא מסיכה אסורה,,,,קפיטריה,,Hebrew,printed,square,paper|printer,קפיטריה,"28-11-2021 - רובע החדשנות באר שבע, שכונה ג",28/11/2021,31.26159722,34.80350556,31.26159722222222/34.80350555555555,"אוניברסיטת בן גוריון בנגב, פרופסור חיים חנני, רובע החדשנות באר שבע, שכונה ג, באר שבע, נפת באר שבע, מחוז הדרום, 8452566, ישראל",Amit Steiner,dh.bgu.2022.1,
IMG-0569.jpg,בעסק זה שומרים על הנחיות! ומונעים התפרצות מחודשת מרחק 2 מטר מאדם לאדם | מסכה המסכה את הפה והאף | היגיינה אישית חיטוי ידיים,,,,MAX חנות כלבו,man_with_mask pink | woman_with_mask pink | soap | distance,Hebrew,printed,square,paper|printer,חנות כלבו,"03-12-2021 - אזור התעשייה באר שבע, באר שבע",03/12/2021,31.24394167,34.81353056,31.243941666666668/34.81353055555555,"אורנג', שדרות חיל הנדסה, אזור התעשייה באר שבע, באר שבע, נפת באר שבע, מחוז הדרום, 8441410, ישראל",Amit Steiner,dh.bgu.2022.1,man_with_mask_pink.svg | woman_with_mask_pink.svg | soap.svg | distance.svg
IMG-0571.jpg,אין כניסה ללא עטיית מסכה | NO ENTRY Without wearing a mask,,,,,man_with_mask white,Hebrew + English + Arabic,printed,square,paper|printer,חנות בגדים,"03-12-2021 - אזור התעשייה באר שבע, באר שבע",03/12/2021,31.24376944,34.81295278,31.243769444444446/34.812952777777774,"אלוף-ספורט, שדרות חיל הנדסה, אזור התעשייה באר שבע, באר שבע, נפת באר שבע, מחוז הדרום, 8441410, ישראל",Amit Steiner,dh.bgu.2022.1,man_with_mask_white.svg
IMG-0572.jpg,חובה לעטות מסיכה בשטח החנות!,בהתאם להנחיית משרד הבריאות,,,אלוף הספורט,mask black,Hebrew,printed,square,paper|printer,חנות ספורט,"03-12-2021 - אזור התעשייה באר שבע, באר שבע",03/12/2021,31.24361944,34.81281667,31.243619444444445/34.81281666666666,"אלוף-ספורט, שדרות חיל הנדסה, אזור התעשייה באר שבע, באר שבע, נפת באר שבע, מחוז הדרום, 8441410, ישראל",Amit Steiner,dh.bgu.2022.1,mask_black.svg
IMG-0573.jpg,הכניסה מותנית בעטיית מסיכה,,שימו לב!,,Partner,man_with_mask,Hebrew,printed,square,paper|printer,חנות סלולר,"03-12-2021 - אזור התעשייה באר שבע, באר שבע",03/12/2021,31.24450833,34.812425,31.244508333333336/34.812425,"sakal outlet, שדרות חיל הנדסה, אזור התעשייה באר שבע, באר שבע, נפת באר שבע, מחוז הדרום, 8441410, ישראל",Amit Steiner,dh.bgu.2022.1,man_with_mask.svg
IMG-0575.jpg,עטיית מסכה חובה,על פי הנחיות משרד הבריאות,,,American Comfort,mask white,Hebrew,printed,square,paper|printer,חנות מזרנים,"03-12-2021 - אזור התעשייה באר שבע, באר שבע",03/12/2021,31.24441667,34.81252222,31.244416666666666/34.81252222222222,"עמינח סנטר, שדרות חיל הנדסה, אזור התעשייה באר שבע, באר שבע, נפת באר שבע, מחוז הדרום, 8441410, ישראל",Amit Steiner,dh.bgu.2022.1,mask_white.svg
IMG-0576.jpg,עטיית מסכה חובה,על פי הנחיות משרד הבריאות,,,עמינח,mask blue,Hebrew,printed,square,paper|printer,חנות מזרנים,"03-12-2021 - אזור התעשייה באר שבע, באר שבע",03/12/2021,31.24438333,34.81254444,31.244383333333335/34.81254444444444,"עמינח סנטר, שדרות חיל הנדסה, אזור התעשייה באר שבע, באר שבע, נפת באר שבע, מחוז הדרום, 8441410, ישראל",Amit Steiner,dh.bgu.2022.1,mask_blue.svg
IMG-0577.jpg,בעת הכניסה למקום חובה להציג אישור 'תו ירוק' ולהקפיד על חבישת מסיכה,,לקוחות יקרים,תודה על שיתוף הפעולה ובתיאבון!,בורגראנץ,,Hebrew,printed,square,paper|printer,מסעדה,"03-12-2021 - שדרות חיל הנדסה, אזור התעשייה באר שבע",03/12/2021,31.24434722,34.81310556,31.244347222222224/34.81310555555555,"Kepasa, 6, שדרות חיל הנדסה, אזור התעשייה באר שבע, באר שבע, נפת באר שבע, מחוז הדרום, 8441410, ישראל",Amit Steiner,dh.bgu.2022.1,
IMG-0578.jpg,כדי לשמור על בריאותכם ולפי הנחיות משרד הבריאות חובה על כולם לחבוש מסכה בכניסה לסניף. לקוחות ללא מסיכה לא יורשו להיכנס לסניף.,לפי הנחיות משרד הבריאות,לקוחות יקרים,תודה על הבנתכם,Be,mask white,Hebrew,printed,square,paper|printer,רשת פארם,"03-12-2021 - אזור התעשייה באר שבע, באר שבע",03/12/2021,31.24422778,34.81343889,31.24422777777778/34.81343888888889,"בסט-ביי, שדרות חיל הנדסה, אזור התעשייה באר שבע, באר שבע, נפת באר שבע, מחוז הדרום, 8441410, ישראל",Amit Steiner,dh.bgu.2022.1,mask_white.svg
